studentId,password,name,gender,enrollmentYear,className,major,college
20210001,123456,何雪,女,2021,计算机科学与技术2101班,计算机科学与技术,信息工程学院
20210002,123456,黄亮,女,2021,计算机科学与技术2101班,计算机科学与技术,信息工程学院
20210003,123456,王磊,男,2021,计算机科学与技术2101班,计算机科学与技术,信息工程学院
20210004,123456,何军,男,2021,计算机科学与技术2101班,计算机科学与技术,信息工程学院
20210005,123456,李敏3,女,2021,计算机科学与技术2101班,计算机科学与技术,信息工程学院
20210006,123456,王敏3,女,2021,计算机科学与技术2101班,计算机科学与技术,信息工程学院
20210007,123456,徐超2,女,2021,计算机科学与技术2101班,计算机科学与技术,信息工程学院
20210008,123456,朱丽,女,2021,计算机科学与技术2101班,计算机科学与技术,信息工程学院
20210009,123456,林婷,女,2021,计算机科学与技术2101班,计算机科学与技术,信息工程学院
20210010,123456,孙军,男,2021,计算机科学与技术2101班,计算机科学与技术,信息工程学院
20210011,123456,王静,女,2021,计算机科学与技术2101班,计算机科学与技术,信息工程学院
20210012,123456,马梅0,男,2021,计算机科学与技术2101班,计算机科学与技术,信息工程学院
20210013,123456,吴芳,男,2021,计算机科学与技术2101班,计算机科学与技术,信息工程学院
20210014,123456,周燕2,女,2021,计算机科学与技术2101班,计算机科学与技术,信息工程学院
20210015,123456,高丽5,女,2021,计算机科学与技术2101班,计算机科学与技术,信息工程学院
20210016,123456,陈燕,女,2021,计算机科学与技术2101班,计算机科学与技术,信息工程学院
20210017,123456,孙芳3,女,2021,计算机科学与技术2101班,计算机科学与技术,信息工程学院
20210018,123456,郑燕4,女,2021,计算机科学与技术2101班,计算机科学与技术,信息工程学院
20210019,123456,周雪,男,2021,计算机科学与技术2101班,计算机科学与技术,信息工程学院
20210020,123456,何伟,男,2021,计算机科学与技术2101班,计算机科学与技术,信息工程学院
20210021,123456,刘雪5,男,2021,计算机科学与技术2101班,计算机科学与技术,信息工程学院
20210022,123456,陈磊,男,2021,计算机科学与技术2101班,计算机科学与技术,信息工程学院
20210023,123456,吴杰,男,2021,计算机科学与技术2101班,计算机科学与技术,信息工程学院
20210024,123456,李鹏,女,2021,计算机科学与技术2101班,计算机科学与技术,信息工程学院
20210025,123456,黄涛9,男,2021,计算机科学与技术2101班,计算机科学与技术,信息工程学院
20210026,123456,李超,女,2021,计算机科学与技术2101班,计算机科学与技术,信息工程学院
20210027,123456,马琳7,女,2021,计算机科学与技术2101班,计算机科学与技术,信息工程学院
20210028,123456,罗鹏7,女,2021,计算机科学与技术2101班,计算机科学与技术,信息工程学院
20210029,123456,高雪1,女,2021,计算机科学与技术2101班,计算机科学与技术,信息工程学院
20210030,123456,郑勇,男,2021,计算机科学与技术2101班,计算机科学与技术,信息工程学院
20210031,123456,马婷,女,2021,计算机科学与技术2102班,计算机科学与技术,信息工程学院
20210032,123456,林磊,女,2021,计算机科学与技术2102班,计算机科学与技术,信息工程学院
20210033,123456,高燕0,女,2021,计算机科学与技术2102班,计算机科学与技术,信息工程学院
20210034,123456,陈娜,男,2021,计算机科学与技术2102班,计算机科学与技术,信息工程学院
20210035,123456,李强,男,2021,计算机科学与技术2102班,计算机科学与技术,信息工程学院
20210036,123456,何燕,男,2021,计算机科学与技术2102班,计算机科学与技术,信息工程学院
20210037,123456,马强,男,2021,计算机科学与技术2102班,计算机科学与技术,信息工程学院
20210038,123456,徐超,男,2021,计算机科学与技术2102班,计算机科学与技术,信息工程学院
20210039,123456,林强3,男,2021,计算机科学与技术2102班,计算机科学与技术,信息工程学院
20210040,123456,陈军4,男,2021,计算机科学与技术2102班,计算机科学与技术,信息工程学院
20210041,123456,马鹏2,女,2021,计算机科学与技术2102班,计算机科学与技术,信息工程学院
20210042,123456,马梅2,女,2021,计算机科学与技术2102班,计算机科学与技术,信息工程学院
20210043,123456,王琳8,女,2021,计算机科学与技术2102班,计算机科学与技术,信息工程学院
20210044,123456,胡超6,女,2021,计算机科学与技术2102班,计算机科学与技术,信息工程学院
20210045,123456,林雪9,男,2021,计算机科学与技术2102班,计算机科学与技术,信息工程学院
20210046,123456,何杰9,女,2021,计算机科学与技术2102班,计算机科学与技术,信息工程学院
20210047,123456,朱超6,男,2021,计算机科学与技术2102班,计算机科学与技术,信息工程学院
20210048,123456,高超,男,2021,计算机科学与技术2102班,计算机科学与技术,信息工程学院
20210049,123456,陈静3,男,2021,计算机科学与技术2102班,计算机科学与技术,信息工程学院
20210050,123456,郑涛1,女,2021,计算机科学与技术2102班,计算机科学与技术,信息工程学院
20210051,123456,郑梅,女,2021,计算机科学与技术2102班,计算机科学与技术,信息工程学院
20210052,123456,何敏0,女,2021,计算机科学与技术2102班,计算机科学与技术,信息工程学院
20210053,123456,林鹏,男,2021,计算机科学与技术2102班,计算机科学与技术,信息工程学院
20210054,123456,杨鹏7,女,2021,计算机科学与技术2102班,计算机科学与技术,信息工程学院
20210055,123456,朱芳,女,2021,计算机科学与技术2102班,计算机科学与技术,信息工程学院
20210056,123456,张军,女,2021,计算机科学与技术2102班,计算机科学与技术,信息工程学院
20210057,123456,周燕6,男,2021,计算机科学与技术2102班,计算机科学与技术,信息工程学院
20210058,123456,王敏,男,2021,计算机科学与技术2102班,计算机科学与技术,信息工程学院
20210059,123456,马强3,女,2021,计算机科学与技术2102班,计算机科学与技术,信息工程学院
20210060,123456,马燕,女,2021,计算机科学与技术2102班,计算机科学与技术,信息工程学院
20210061,123456,杨鹏,男,2021,计算机科学与技术2103班,计算机科学与技术,信息工程学院
20210062,123456,林静9,男,2021,计算机科学与技术2103班,计算机科学与技术,信息工程学院
20210063,123456,周鹏,女,2021,计算机科学与技术2103班,计算机科学与技术,信息工程学院
20210064,123456,林伟0,男,2021,计算机科学与技术2103班,计算机科学与技术,信息工程学院
20210065,123456,陈磊,男,2021,计算机科学与技术2103班,计算机科学与技术,信息工程学院
20210066,123456,罗婷,男,2021,计算机科学与技术2103班,计算机科学与技术,信息工程学院
20210067,123456,孙伟9,男,2021,计算机科学与技术2103班,计算机科学与技术,信息工程学院
20210068,123456,胡杰9,女,2021,计算机科学与技术2103班,计算机科学与技术,信息工程学院
20210069,123456,王琳7,男,2021,计算机科学与技术2103班,计算机科学与技术,信息工程学院
20210070,123456,吴鹏7,男,2021,计算机科学与技术2103班,计算机科学与技术,信息工程学院
20210071,123456,林涛4,男,2021,计算机科学与技术2103班,计算机科学与技术,信息工程学院
20210072,123456,周鹏,男,2021,计算机科学与技术2103班,计算机科学与技术,信息工程学院
20210073,123456,张梅1,女,2021,计算机科学与技术2103班,计算机科学与技术,信息工程学院
20210074,123456,黄磊,男,2021,计算机科学与技术2103班,计算机科学与技术,信息工程学院
20210075,123456,高鹏,男,2021,计算机科学与技术2103班,计算机科学与技术,信息工程学院
20210076,123456,郑鹏5,男,2021,计算机科学与技术2103班,计算机科学与技术,信息工程学院
20210077,123456,赵琳,女,2021,计算机科学与技术2103班,计算机科学与技术,信息工程学院
20210078,123456,吴丽,女,2021,计算机科学与技术2103班,计算机科学与技术,信息工程学院
20210079,123456,高敏5,男,2021,计算机科学与技术2103班,计算机科学与技术,信息工程学院
20210080,123456,吴军5,男,2021,计算机科学与技术2103班,计算机科学与技术,信息工程学院
20210081,123456,孙军6,女,2021,计算机科学与技术2103班,计算机科学与技术,信息工程学院
20210082,123456,张军7,男,2021,计算机科学与技术2103班,计算机科学与技术,信息工程学院
20210083,123456,郑伟5,男,2021,计算机科学与技术2103班,计算机科学与技术,信息工程学院
20210084,123456,林磊,女,2021,计算机科学与技术2103班,计算机科学与技术,信息工程学院
20210085,123456,林强2,男,2021,计算机科学与技术2103班,计算机科学与技术,信息工程学院
20210086,123456,周鹏5,男,2021,计算机科学与技术2103班,计算机科学与技术,信息工程学院
20210087,123456,张燕2,男,2021,计算机科学与技术2103班,计算机科学与技术,信息工程学院
20210088,123456,李杰6,女,2021,计算机科学与技术2103班,计算机科学与技术,信息工程学院
20210089,123456,刘琳,男,2021,计算机科学与技术2103班,计算机科学与技术,信息工程学院
20210090,123456,马杰4,女,2021,计算机科学与技术2103班,计算机科学与技术,信息工程学院
20210091,123456,杨丽5,男,2021,计算机科学与技术2104班,计算机科学与技术,信息工程学院
20210092,123456,杨超6,男,2021,计算机科学与技术2104班,计算机科学与技术,信息工程学院
20210093,123456,罗磊,男,2021,计算机科学与技术2104班,计算机科学与技术,信息工程学院
20210094,123456,周娜,男,2021,计算机科学与技术2104班,计算机科学与技术,信息工程学院
20210095,123456,郑军4,男,2021,计算机科学与技术2104班,计算机科学与技术,信息工程学院
20210096,123456,陈雪,男,2021,计算机科学与技术2104班,计算机科学与技术,信息工程学院
20210097,123456,周娜,女,2021,计算机科学与技术2104班,计算机科学与技术,信息工程学院
20210098,123456,罗鹏8,男,2021,计算机科学与技术2104班,计算机科学与技术,信息工程学院
20210099,123456,刘梅,女,2021,计算机科学与技术2104班,计算机科学与技术,信息工程学院
20210100,123456,孙婷,女,2021,计算机科学与技术2104班,计算机科学与技术,信息工程学院
20210101,123456,孙涛,男,2021,计算机科学与技术2104班,计算机科学与技术,信息工程学院
20210102,123456,徐敏3,男,2021,计算机科学与技术2104班,计算机科学与技术,信息工程学院
20210103,123456,王婷8,女,2021,计算机科学与技术2104班,计算机科学与技术,信息工程学院
20210104,123456,陈勇,男,2021,计算机科学与技术2104班,计算机科学与技术,信息工程学院
20210105,123456,郑杰0,女,2021,计算机科学与技术2104班,计算机科学与技术,信息工程学院
20210106,123456,王伟2,男,2021,计算机科学与技术2104班,计算机科学与技术,信息工程学院
20210107,123456,郑伟,女,2021,计算机科学与技术2104班,计算机科学与技术,信息工程学院
20210108,123456,何静,女,2021,计算机科学与技术2104班,计算机科学与技术,信息工程学院
20210109,123456,张伟,女,2021,计算机科学与技术2104班,计算机科学与技术,信息工程学院
20210110,123456,黄杰4,男,2021,计算机科学与技术2104班,计算机科学与技术,信息工程学院
20210111,123456,马雪,男,2021,计算机科学与技术2104班,计算机科学与技术,信息工程学院
20210112,123456,胡磊,女,2021,计算机科学与技术2104班,计算机科学与技术,信息工程学院
20210113,123456,何鹏5,女,2021,计算机科学与技术2104班,计算机科学与技术,信息工程学院
20210114,123456,陈超9,女,2021,计算机科学与技术2104班,计算机科学与技术,信息工程学院
20210115,123456,孙雪,男,2021,计算机科学与技术2104班,计算机科学与技术,信息工程学院
20210116,123456,王芳8,女,2021,计算机科学与技术2104班,计算机科学与技术,信息工程学院
20210117,123456,高鹏,女,2021,计算机科学与技术2104班,计算机科学与技术,信息工程学院
20210118,123456,郑鹏8,男,2021,计算机科学与技术2104班,计算机科学与技术,信息工程学院
20210119,123456,林军6,男,2021,计算机科学与技术2104班,计算机科学与技术,信息工程学院
20210120,123456,周磊,男,2021,计算机科学与技术2104班,计算机科学与技术,信息工程学院
20210121,123456,何琳,男,2022,计算机科学与技术2201班,计算机科学与技术,信息工程学院
20210122,123456,刘梅4,女,2022,计算机科学与技术2201班,计算机科学与技术,信息工程学院
20210123,123456,胡亮2,男,2022,计算机科学与技术2201班,计算机科学与技术,信息工程学院
20210124,123456,林敏,女,2022,计算机科学与技术2201班,计算机科学与技术,信息工程学院
20210125,123456,吴勇6,男,2022,计算机科学与技术2201班,计算机科学与技术,信息工程学院
20210126,123456,孙敏3,女,2022,计算机科学与技术2201班,计算机科学与技术,信息工程学院
20210127,123456,吴勇9,男,2022,计算机科学与技术2201班,计算机科学与技术,信息工程学院
20210128,123456,郑丽3,女,2022,计算机科学与技术2201班,计算机科学与技术,信息工程学院
20210129,123456,赵丽2,男,2022,计算机科学与技术2201班,计算机科学与技术,信息工程学院
20210130,123456,陈勇,男,2022,计算机科学与技术2201班,计算机科学与技术,信息工程学院
20210131,123456,高鹏8,男,2022,计算机科学与技术2201班,计算机科学与技术,信息工程学院
20210132,123456,马燕,女,2022,计算机科学与技术2201班,计算机科学与技术,信息工程学院
20210133,123456,赵燕,男,2022,计算机科学与技术2201班,计算机科学与技术,信息工程学院
20210134,123456,王梅9,男,2022,计算机科学与技术2201班,计算机科学与技术,信息工程学院
20210135,123456,马亮,女,2022,计算机科学与技术2201班,计算机科学与技术,信息工程学院
20210136,123456,黄琳,女,2022,计算机科学与技术2201班,计算机科学与技术,信息工程学院
20210137,123456,陈超,女,2022,计算机科学与技术2201班,计算机科学与技术,信息工程学院
20210138,123456,何军,男,2022,计算机科学与技术2201班,计算机科学与技术,信息工程学院
20210139,123456,吴梅7,女,2022,计算机科学与技术2201班,计算机科学与技术,信息工程学院
20210140,123456,刘娜,女,2022,计算机科学与技术2201班,计算机科学与技术,信息工程学院
20210141,123456,刘敏5,男,2022,计算机科学与技术2201班,计算机科学与技术,信息工程学院
20210142,123456,高强3,女,2022,计算机科学与技术2201班,计算机科学与技术,信息工程学院
20210143,123456,马涛,男,2022,计算机科学与技术2201班,计算机科学与技术,信息工程学院
20210144,123456,罗敏6,女,2022,计算机科学与技术2201班,计算机科学与技术,信息工程学院
20210145,123456,高伟9,女,2022,计算机科学与技术2201班,计算机科学与技术,信息工程学院
20210146,123456,胡丽,女,2022,计算机科学与技术2201班,计算机科学与技术,信息工程学院
20210147,123456,高雪7,男,2022,计算机科学与技术2201班,计算机科学与技术,信息工程学院
20210148,123456,杨静,男,2022,计算机科学与技术2201班,计算机科学与技术,信息工程学院
20210149,123456,何静8,男,2022,计算机科学与技术2201班,计算机科学与技术,信息工程学院
20210150,123456,朱亮,男,2022,计算机科学与技术2201班,计算机科学与技术,信息工程学院
20210151,123456,吴丽,男,2022,计算机科学与技术2202班,计算机科学与技术,信息工程学院
20210152,123456,徐鹏7,男,2022,计算机科学与技术2202班,计算机科学与技术,信息工程学院
20210153,123456,何勇4,男,2022,计算机科学与技术2202班,计算机科学与技术,信息工程学院
20210154,123456,孙鹏,男,2022,计算机科学与技术2202班,计算机科学与技术,信息工程学院
20210155,123456,郑磊3,男,2022,计算机科学与技术2202班,计算机科学与技术,信息工程学院
20210156,123456,林超,女,2022,计算机科学与技术2202班,计算机科学与技术,信息工程学院
20210157,123456,李军,男,2022,计算机科学与技术2202班,计算机科学与技术,信息工程学院
20210158,123456,张芳1,女,2022,计算机科学与技术2202班,计算机科学与技术,信息工程学院
20210159,123456,罗梅,男,2022,计算机科学与技术2202班,计算机科学与技术,信息工程学院
20210160,123456,高敏,男,2022,计算机科学与技术2202班,计算机科学与技术,信息工程学院
20210161,123456,郑雪6,女,2022,计算机科学与技术2202班,计算机科学与技术,信息工程学院
20210162,123456,陈伟2,男,2022,计算机科学与技术2202班,计算机科学与技术,信息工程学院
20210163,123456,马丽4,女,2022,计算机科学与技术2202班,计算机科学与技术,信息工程学院
20210164,123456,黄梅,女,2022,计算机科学与技术2202班,计算机科学与技术,信息工程学院
20210165,123456,赵亮,女,2022,计算机科学与技术2202班,计算机科学与技术,信息工程学院
20210166,123456,吴超,女,2022,计算机科学与技术2202班,计算机科学与技术,信息工程学院
20210167,123456,李伟8,男,2022,计算机科学与技术2202班,计算机科学与技术,信息工程学院
20210168,123456,林敏,男,2022,计算机科学与技术2202班,计算机科学与技术,信息工程学院
20210169,123456,周静8,女,2022,计算机科学与技术2202班,计算机科学与技术,信息工程学院
20210170,123456,何超7,女,2022,计算机科学与技术2202班,计算机科学与技术,信息工程学院
20210171,123456,吴伟,女,2022,计算机科学与技术2202班,计算机科学与技术,信息工程学院
20210172,123456,黄鹏2,男,2022,计算机科学与技术2202班,计算机科学与技术,信息工程学院
20210173,123456,吴梅3,女,2022,计算机科学与技术2202班,计算机科学与技术,信息工程学院
20210174,123456,王磊,女,2022,计算机科学与技术2202班,计算机科学与技术,信息工程学院
20210175,123456,马婷1,男,2022,计算机科学与技术2202班,计算机科学与技术,信息工程学院
20210176,123456,胡强2,男,2022,计算机科学与技术2202班,计算机科学与技术,信息工程学院
20210177,123456,胡琳5,女,2022,计算机科学与技术2202班,计算机科学与技术,信息工程学院
20210178,123456,吴亮,女,2022,计算机科学与技术2202班,计算机科学与技术,信息工程学院
20210179,123456,王磊8,女,2022,计算机科学与技术2202班,计算机科学与技术,信息工程学院
20210180,123456,郑磊0,男,2022,计算机科学与技术2202班,计算机科学与技术,信息工程学院
20210181,123456,王静3,男,2022,计算机科学与技术2203班,计算机科学与技术,信息工程学院
20210182,123456,黄涛,男,2022,计算机科学与技术2203班,计算机科学与技术,信息工程学院
20210183,123456,张磊,男,2022,计算机科学与技术2203班,计算机科学与技术,信息工程学院
20210184,123456,高梅7,男,2022,计算机科学与技术2203班,计算机科学与技术,信息工程学院
20210185,123456,徐磊,女,2022,计算机科学与技术2203班,计算机科学与技术,信息工程学院
20210186,123456,王娜,女,2022,计算机科学与技术2203班,计算机科学与技术,信息工程学院
20210187,123456,罗勇2,男,2022,计算机科学与技术2203班,计算机科学与技术,信息工程学院
20210188,123456,朱琳3,男,2022,计算机科学与技术2203班,计算机科学与技术,信息工程学院
20210189,123456,李静,女,2022,计算机科学与技术2203班,计算机科学与技术,信息工程学院
20210190,123456,王琳,男,2022,计算机科学与技术2203班,计算机科学与技术,信息工程学院
20210191,123456,李超,女,2022,计算机科学与技术2203班,计算机科学与技术,信息工程学院
20210192,123456,胡涛6,男,2022,计算机科学与技术2203班,计算机科学与技术,信息工程学院
20210193,123456,高丽1,男,2022,计算机科学与技术2203班,计算机科学与技术,信息工程学院
20210194,123456,陈伟,男,2022,计算机科学与技术2203班,计算机科学与技术,信息工程学院
20210195,123456,高芳,男,2022,计算机科学与技术2203班,计算机科学与技术,信息工程学院
20210196,123456,张芳,女,2022,计算机科学与技术2203班,计算机科学与技术,信息工程学院
20210197,123456,赵伟,女,2022,计算机科学与技术2203班,计算机科学与技术,信息工程学院
20210198,123456,周丽,女,2022,计算机科学与技术2203班,计算机科学与技术,信息工程学院
20210199,123456,李伟,女,2022,计算机科学与技术2203班,计算机科学与技术,信息工程学院
20210200,123456,张鹏2,男,2022,计算机科学与技术2203班,计算机科学与技术,信息工程学院
20210201,123456,高亮,女,2022,计算机科学与技术2203班,计算机科学与技术,信息工程学院
20210202,123456,徐强,男,2022,计算机科学与技术2203班,计算机科学与技术,信息工程学院
20210203,123456,胡婷7,女,2022,计算机科学与技术2203班,计算机科学与技术,信息工程学院
20210204,123456,杨杰,男,2022,计算机科学与技术2203班,计算机科学与技术,信息工程学院
20210205,123456,赵雪1,男,2022,计算机科学与技术2203班,计算机科学与技术,信息工程学院
20210206,123456,周琳,男,2022,计算机科学与技术2203班,计算机科学与技术,信息工程学院
20210207,123456,郑婷,女,2022,计算机科学与技术2203班,计算机科学与技术,信息工程学院
20210208,123456,高梅,男,2022,计算机科学与技术2203班,计算机科学与技术,信息工程学院
20210209,123456,李婷7,女,2022,计算机科学与技术2203班,计算机科学与技术,信息工程学院
20210210,123456,徐婷,男,2022,计算机科学与技术2203班,计算机科学与技术,信息工程学院
20210211,123456,何军,男,2022,计算机科学与技术2204班,计算机科学与技术,信息工程学院
20210212,123456,吴雪6,女,2022,计算机科学与技术2204班,计算机科学与技术,信息工程学院
20210213,123456,胡芳1,男,2022,计算机科学与技术2204班,计算机科学与技术,信息工程学院
20210214,123456,何超,女,2022,计算机科学与技术2204班,计算机科学与技术,信息工程学院
20210215,123456,陈芳,女,2022,计算机科学与技术2204班,计算机科学与技术,信息工程学院
20210216,123456,胡强4,女,2022,计算机科学与技术2204班,计算机科学与技术,信息工程学院
20210217,123456,黄琳,女,2022,计算机科学与技术2204班,计算机科学与技术,信息工程学院
20210218,123456,林伟,女,2022,计算机科学与技术2204班,计算机科学与技术,信息工程学院
20210219,123456,罗超,女,2022,计算机科学与技术2204班,计算机科学与技术,信息工程学院
20210220,123456,吴丽0,女,2022,计算机科学与技术2204班,计算机科学与技术,信息工程学院
20210221,123456,罗勇1,女,2022,计算机科学与技术2204班,计算机科学与技术,信息工程学院
20210222,123456,胡鹏,女,2022,计算机科学与技术2204班,计算机科学与技术,信息工程学院
20210223,123456,郑娜,女,2022,计算机科学与技术2204班,计算机科学与技术,信息工程学院
20210224,123456,何磊4,女,2022,计算机科学与技术2204班,计算机科学与技术,信息工程学院
20210225,123456,高雪,女,2022,计算机科学与技术2204班,计算机科学与技术,信息工程学院
20210226,123456,黄军2,女,2022,计算机科学与技术2204班,计算机科学与技术,信息工程学院
20210227,123456,郑雪1,女,2022,计算机科学与技术2204班,计算机科学与技术,信息工程学院
20210228,123456,罗静,男,2022,计算机科学与技术2204班,计算机科学与技术,信息工程学院
20210229,123456,杨敏6,女,2022,计算机科学与技术2204班,计算机科学与技术,信息工程学院
20210230,123456,朱燕7,女,2022,计算机科学与技术2204班,计算机科学与技术,信息工程学院
20210231,123456,马静,男,2022,计算机科学与技术2204班,计算机科学与技术,信息工程学院
20210232,123456,林杰,女,2022,计算机科学与技术2204班,计算机科学与技术,信息工程学院
20210233,123456,高超,男,2022,计算机科学与技术2204班,计算机科学与技术,信息工程学院
20210234,123456,何超1,男,2022,计算机科学与技术2204班,计算机科学与技术,信息工程学院
20210235,123456,罗军,女,2022,计算机科学与技术2204班,计算机科学与技术,信息工程学院
20210236,123456,马娜,男,2022,计算机科学与技术2204班,计算机科学与技术,信息工程学院
20210237,123456,孙燕,女,2022,计算机科学与技术2204班,计算机科学与技术,信息工程学院
20210238,123456,陈超,女,2022,计算机科学与技术2204班,计算机科学与技术,信息工程学院
20210239,123456,刘磊,男,2022,计算机科学与技术2204班,计算机科学与技术,信息工程学院
20210240,123456,刘超,男,2022,计算机科学与技术2204班,计算机科学与技术,信息工程学院
20210241,123456,林静,男,2023,计算机科学与技术2301班,计算机科学与技术,信息工程学院
20210242,123456,刘琳8,女,2023,计算机科学与技术2301班,计算机科学与技术,信息工程学院
20210243,123456,陈亮,女,2023,计算机科学与技术2301班,计算机科学与技术,信息工程学院
20210244,123456,马涛,女,2023,计算机科学与技术2301班,计算机科学与技术,信息工程学院
20210245,123456,朱涛,男,2023,计算机科学与技术2301班,计算机科学与技术,信息工程学院
20210246,123456,胡梅9,男,2023,计算机科学与技术2301班,计算机科学与技术,信息工程学院
20210247,123456,黄敏,男,2023,计算机科学与技术2301班,计算机科学与技术,信息工程学院
20210248,123456,罗敏,男,2023,计算机科学与技术2301班,计算机科学与技术,信息工程学院
20210249,123456,陈鹏,男,2023,计算机科学与技术2301班,计算机科学与技术,信息工程学院
20210250,123456,高雪,女,2023,计算机科学与技术2301班,计算机科学与技术,信息工程学院
20210251,123456,郑亮,男,2023,计算机科学与技术2301班,计算机科学与技术,信息工程学院
20210252,123456,杨燕,女,2023,计算机科学与技术2301班,计算机科学与技术,信息工程学院
20210253,123456,胡军,男,2023,计算机科学与技术2301班,计算机科学与技术,信息工程学院
20210254,123456,孙勇,女,2023,计算机科学与技术2301班,计算机科学与技术,信息工程学院
20210255,123456,胡鹏,女,2023,计算机科学与技术2301班,计算机科学与技术,信息工程学院
20210256,123456,杨超,男,2023,计算机科学与技术2301班,计算机科学与技术,信息工程学院
20210257,123456,朱杰,女,2023,计算机科学与技术2301班,计算机科学与技术,信息工程学院
20210258,123456,罗娜3,女,2023,计算机科学与技术2301班,计算机科学与技术,信息工程学院
20210259,123456,罗静,男,2023,计算机科学与技术2301班,计算机科学与技术,信息工程学院
20210260,123456,胡娜,男,2023,计算机科学与技术2301班,计算机科学与技术,信息工程学院
20210261,123456,朱强6,女,2023,计算机科学与技术2301班,计算机科学与技术,信息工程学院
20210262,123456,赵军9,男,2023,计算机科学与技术2301班,计算机科学与技术,信息工程学院
20210263,123456,杨婷3,女,2023,计算机科学与技术2301班,计算机科学与技术,信息工程学院
20210264,123456,马超,男,2023,计算机科学与技术2301班,计算机科学与技术,信息工程学院
20210265,123456,高超,女,2023,计算机科学与技术2301班,计算机科学与技术,信息工程学院
20210266,123456,胡磊,男,2023,计算机科学与技术2301班,计算机科学与技术,信息工程学院
20210267,123456,周杰,男,2023,计算机科学与技术2301班,计算机科学与技术,信息工程学院
20210268,123456,吴超,女,2023,计算机科学与技术2301班,计算机科学与技术,信息工程学院
20210269,123456,吴强,女,2023,计算机科学与技术2301班,计算机科学与技术,信息工程学院
20210270,123456,朱超,男,2023,计算机科学与技术2301班,计算机科学与技术,信息工程学院
20210271,123456,赵芳8,男,2023,计算机科学与技术2302班,计算机科学与技术,信息工程学院
20210272,123456,陈军,男,2023,计算机科学与技术2302班,计算机科学与技术,信息工程学院
20210273,123456,周静1,女,2023,计算机科学与技术2302班,计算机科学与技术,信息工程学院
20210274,123456,李伟,女,2023,计算机科学与技术2302班,计算机科学与技术,信息工程学院
20210275,123456,黄勇,女,2023,计算机科学与技术2302班,计算机科学与技术,信息工程学院
20210276,123456,郑婷,女,2023,计算机科学与技术2302班,计算机科学与技术,信息工程学院
20210277,123456,刘磊7,男,2023,计算机科学与技术2302班,计算机科学与技术,信息工程学院
20210278,123456,罗婷4,男,2023,计算机科学与技术2302班,计算机科学与技术,信息工程学院
20210279,123456,胡雪4,男,2023,计算机科学与技术2302班,计算机科学与技术,信息工程学院
20210280,123456,马亮,女,2023,计算机科学与技术2302班,计算机科学与技术,信息工程学院
20210281,123456,黄娜2,男,2023,计算机科学与技术2302班,计算机科学与技术,信息工程学院
20210282,123456,张伟4,男,2023,计算机科学与技术2302班,计算机科学与技术,信息工程学院
20210283,123456,张军,女,2023,计算机科学与技术2302班,计算机科学与技术,信息工程学院
20210284,123456,朱婷7,女,2023,计算机科学与技术2302班,计算机科学与技术,信息工程学院
20210285,123456,何雪5,男,2023,计算机科学与技术2302班,计算机科学与技术,信息工程学院
20210286,123456,高伟7,女,2023,计算机科学与技术2302班,计算机科学与技术,信息工程学院
20210287,123456,王芳5,男,2023,计算机科学与技术2302班,计算机科学与技术,信息工程学院
20210288,123456,王婷1,男,2023,计算机科学与技术2302班,计算机科学与技术,信息工程学院
20210289,123456,杨勇3,男,2023,计算机科学与技术2302班,计算机科学与技术,信息工程学院
20210290,123456,杨杰3,女,2023,计算机科学与技术2302班,计算机科学与技术,信息工程学院
20210291,123456,张亮,男,2023,计算机科学与技术2302班,计算机科学与技术,信息工程学院
20210292,123456,张超,男,2023,计算机科学与技术2302班,计算机科学与技术,信息工程学院
20210293,123456,高敏,女,2023,计算机科学与技术2302班,计算机科学与技术,信息工程学院
20210294,123456,朱雪4,女,2023,计算机科学与技术2302班,计算机科学与技术,信息工程学院
20210295,123456,吴超4,女,2023,计算机科学与技术2302班,计算机科学与技术,信息工程学院
20210296,123456,林军,女,2023,计算机科学与技术2302班,计算机科学与技术,信息工程学院
20210297,123456,孙梅,男,2023,计算机科学与技术2302班,计算机科学与技术,信息工程学院
20210298,123456,刘敏7,女,2023,计算机科学与技术2302班,计算机科学与技术,信息工程学院
20210299,123456,罗强,男,2023,计算机科学与技术2302班,计算机科学与技术,信息工程学院
20210300,123456,杨强2,女,2023,计算机科学与技术2302班,计算机科学与技术,信息工程学院
20210301,123456,赵梅,女,2023,计算机科学与技术2303班,计算机科学与技术,信息工程学院
20210302,123456,刘勇,女,2023,计算机科学与技术2303班,计算机科学与技术,信息工程学院
20210303,123456,高婷,女,2023,计算机科学与技术2303班,计算机科学与技术,信息工程学院
20210304,123456,赵婷,女,2023,计算机科学与技术2303班,计算机科学与技术,信息工程学院
20210305,123456,罗涛4,男,2023,计算机科学与技术2303班,计算机科学与技术,信息工程学院
20210306,123456,周杰,男,2023,计算机科学与技术2303班,计算机科学与技术,信息工程学院
20210307,123456,何亮,男,2023,计算机科学与技术2303班,计算机科学与技术,信息工程学院
20210308,123456,马燕7,男,2023,计算机科学与技术2303班,计算机科学与技术,信息工程学院
20210309,123456,孙琳5,男,2023,计算机科学与技术2303班,计算机科学与技术,信息工程学院
20210310,123456,赵涛,男,2023,计算机科学与技术2303班,计算机科学与技术,信息工程学院
20210311,123456,张芳,女,2023,计算机科学与技术2303班,计算机科学与技术,信息工程学院
20210312,123456,陈敏6,男,2023,计算机科学与技术2303班,计算机科学与技术,信息工程学院
20210313,123456,徐勇,男,2023,计算机科学与技术2303班,计算机科学与技术,信息工程学院
20210314,123456,陈鹏3,男,2023,计算机科学与技术2303班,计算机科学与技术,信息工程学院
20210315,123456,郑勇0,男,2023,计算机科学与技术2303班,计算机科学与技术,信息工程学院
20210316,123456,刘丽,男,2023,计算机科学与技术2303班,计算机科学与技术,信息工程学院
20210317,123456,罗娜3,男,2023,计算机科学与技术2303班,计算机科学与技术,信息工程学院
20210318,123456,高芳,男,2023,计算机科学与技术2303班,计算机科学与技术,信息工程学院
20210319,123456,吴伟,女,2023,计算机科学与技术2303班,计算机科学与技术,信息工程学院
20210320,123456,周雪,女,2023,计算机科学与技术2303班,计算机科学与技术,信息工程学院
20210321,123456,吴静,女,2023,计算机科学与技术2303班,计算机科学与技术,信息工程学院
20210322,123456,马超6,女,2023,计算机科学与技术2303班,计算机科学与技术,信息工程学院
20210323,123456,黄强,男,2023,计算机科学与技术2303班,计算机科学与技术,信息工程学院
20210324,123456,马敏0,男,2023,计算机科学与技术2303班,计算机科学与技术,信息工程学院
20210325,123456,林梅,女,2023,计算机科学与技术2303班,计算机科学与技术,信息工程学院
20210326,123456,王鹏,男,2023,计算机科学与技术2303班,计算机科学与技术,信息工程学院
20210327,123456,赵鹏6,女,2023,计算机科学与技术2303班,计算机科学与技术,信息工程学院
20210328,123456,张伟6,女,2023,计算机科学与技术2303班,计算机科学与技术,信息工程学院
20210329,123456,陈丽9,男,2023,计算机科学与技术2303班,计算机科学与技术,信息工程学院
20210330,123456,郑芳,男,2023,计算机科学与技术2303班,计算机科学与技术,信息工程学院
20210331,123456,朱琳,男,2023,计算机科学与技术2304班,计算机科学与技术,信息工程学院
20210332,123456,郑涛3,女,2023,计算机科学与技术2304班,计算机科学与技术,信息工程学院
20210333,123456,刘亮,女,2023,计算机科学与技术2304班,计算机科学与技术,信息工程学院
20210334,123456,高涛,女,2023,计算机科学与技术2304班,计算机科学与技术,信息工程学院
20210335,123456,朱军7,男,2023,计算机科学与技术2304班,计算机科学与技术,信息工程学院
20210336,123456,周涛,男,2023,计算机科学与技术2304班,计算机科学与技术,信息工程学院
20210337,123456,孙伟4,女,2023,计算机科学与技术2304班,计算机科学与技术,信息工程学院
20210338,123456,徐琳6,男,2023,计算机科学与技术2304班,计算机科学与技术,信息工程学院
20210339,123456,郑静,男,2023,计算机科学与技术2304班,计算机科学与技术,信息工程学院
20210340,123456,罗琳,男,2023,计算机科学与技术2304班,计算机科学与技术,信息工程学院
20210341,123456,马梅,男,2023,计算机科学与技术2304班,计算机科学与技术,信息工程学院
20210342,123456,林强9,男,2023,计算机科学与技术2304班,计算机科学与技术,信息工程学院
20210343,123456,陈梅3,男,2023,计算机科学与技术2304班,计算机科学与技术,信息工程学院
20210344,123456,吴敏0,男,2023,计算机科学与技术2304班,计算机科学与技术,信息工程学院
20210345,123456,朱勇,女,2023,计算机科学与技术2304班,计算机科学与技术,信息工程学院
20210346,123456,罗鹏,女,2023,计算机科学与技术2304班,计算机科学与技术,信息工程学院
20210347,123456,刘敏,男,2023,计算机科学与技术2304班,计算机科学与技术,信息工程学院
20210348,123456,朱娜,男,2023,计算机科学与技术2304班,计算机科学与技术,信息工程学院
20210349,123456,吴燕7,女,2023,计算机科学与技术2304班,计算机科学与技术,信息工程学院
20210350,123456,王亮0,女,2023,计算机科学与技术2304班,计算机科学与技术,信息工程学院
20210351,123456,何亮2,男,2023,计算机科学与技术2304班,计算机科学与技术,信息工程学院
20210352,123456,郑雪0,女,2023,计算机科学与技术2304班,计算机科学与技术,信息工程学院
20210353,123456,林琳3,女,2023,计算机科学与技术2304班,计算机科学与技术,信息工程学院
20210354,123456,胡丽5,男,2023,计算机科学与技术2304班,计算机科学与技术,信息工程学院
20210355,123456,罗琳9,男,2023,计算机科学与技术2304班,计算机科学与技术,信息工程学院
20210356,123456,何梅,男,2023,计算机科学与技术2304班,计算机科学与技术,信息工程学院
20210357,123456,黄丽7,女,2023,计算机科学与技术2304班,计算机科学与技术,信息工程学院
20210358,123456,马涛,女,2023,计算机科学与技术2304班,计算机科学与技术,信息工程学院
20210359,123456,赵静4,男,2023,计算机科学与技术2304班,计算机科学与技术,信息工程学院
20210360,123456,郑磊8,男,2023,计算机科学与技术2304班,计算机科学与技术,信息工程学院
20210361,123456,孙琳3,男,2024,计算机科学与技术2401班,计算机科学与技术,信息工程学院
20210362,123456,刘强7,女,2024,计算机科学与技术2401班,计算机科学与技术,信息工程学院
20210363,123456,赵燕,男,2024,计算机科学与技术2401班,计算机科学与技术,信息工程学院
20210364,123456,陈芳9,女,2024,计算机科学与技术2401班,计算机科学与技术,信息工程学院
20210365,123456,吴琳5,女,2024,计算机科学与技术2401班,计算机科学与技术,信息工程学院
20210366,123456,高亮8,男,2024,计算机科学与技术2401班,计算机科学与技术,信息工程学院
20210367,123456,赵敏,女,2024,计算机科学与技术2401班,计算机科学与技术,信息工程学院
20210368,123456,周敏,女,2024,计算机科学与技术2401班,计算机科学与技术,信息工程学院
20210369,123456,高勇3,女,2024,计算机科学与技术2401班,计算机科学与技术,信息工程学院
20210370,123456,周婷9,男,2024,计算机科学与技术2401班,计算机科学与技术,信息工程学院
20210371,123456,马梅3,男,2024,计算机科学与技术2401班,计算机科学与技术,信息工程学院
20210372,123456,周丽,男,2024,计算机科学与技术2401班,计算机科学与技术,信息工程学院
20210373,123456,郑娜,女,2024,计算机科学与技术2401班,计算机科学与技术,信息工程学院
20210374,123456,杨鹏4,男,2024,计算机科学与技术2401班,计算机科学与技术,信息工程学院
20210375,123456,罗鹏,女,2024,计算机科学与技术2401班,计算机科学与技术,信息工程学院
20210376,123456,李雪,男,2024,计算机科学与技术2401班,计算机科学与技术,信息工程学院
20210377,123456,王燕,男,2024,计算机科学与技术2401班,计算机科学与技术,信息工程学院
20210378,123456,杨芳,女,2024,计算机科学与技术2401班,计算机科学与技术,信息工程学院
20210379,123456,高梅,女,2024,计算机科学与技术2401班,计算机科学与技术,信息工程学院
20210380,123456,徐亮,女,2024,计算机科学与技术2401班,计算机科学与技术,信息工程学院
20210381,123456,马超,男,2024,计算机科学与技术2401班,计算机科学与技术,信息工程学院
20210382,123456,孙芳,男,2024,计算机科学与技术2401班,计算机科学与技术,信息工程学院
20210383,123456,张静,女,2024,计算机科学与技术2401班,计算机科学与技术,信息工程学院
20210384,123456,孙鹏,男,2024,计算机科学与技术2401班,计算机科学与技术,信息工程学院
20210385,123456,李鹏,女,2024,计算机科学与技术2401班,计算机科学与技术,信息工程学院
20210386,123456,何丽,男,2024,计算机科学与技术2401班,计算机科学与技术,信息工程学院
20210387,123456,何丽3,女,2024,计算机科学与技术2401班,计算机科学与技术,信息工程学院
20210388,123456,刘静9,女,2024,计算机科学与技术2401班,计算机科学与技术,信息工程学院
20210389,123456,何静8,男,2024,计算机科学与技术2401班,计算机科学与技术,信息工程学院
20210390,123456,马杰0,男,2024,计算机科学与技术2401班,计算机科学与技术,信息工程学院
20210391,123456,何磊,女,2024,计算机科学与技术2402班,计算机科学与技术,信息工程学院
20210392,123456,王芳,男,2024,计算机科学与技术2402班,计算机科学与技术,信息工程学院
20210393,123456,朱燕,女,2024,计算机科学与技术2402班,计算机科学与技术,信息工程学院
20210394,123456,黄超4,女,2024,计算机科学与技术2402班,计算机科学与技术,信息工程学院
20210395,123456,王燕5,男,2024,计算机科学与技术2402班,计算机科学与技术,信息工程学院
20210396,123456,王燕,男,2024,计算机科学与技术2402班,计算机科学与技术,信息工程学院
20210397,123456,黄婷,女,2024,计算机科学与技术2402班,计算机科学与技术,信息工程学院
20210398,123456,黄静,男,2024,计算机科学与技术2402班,计算机科学与技术,信息工程学院
20210399,123456,赵静,男,2024,计算机科学与技术2402班,计算机科学与技术,信息工程学院
20210400,123456,刘勇,女,2024,计算机科学与技术2402班,计算机科学与技术,信息工程学院
20210401,123456,李磊,男,2024,计算机科学与技术2402班,计算机科学与技术,信息工程学院
20210402,123456,孙燕8,女,2024,计算机科学与技术2402班,计算机科学与技术,信息工程学院
20210403,123456,孙伟,男,2024,计算机科学与技术2402班,计算机科学与技术,信息工程学院
20210404,123456,赵杰,男,2024,计算机科学与技术2402班,计算机科学与技术,信息工程学院
20210405,123456,黄琳2,女,2024,计算机科学与技术2402班,计算机科学与技术,信息工程学院
20210406,123456,罗燕,男,2024,计算机科学与技术2402班,计算机科学与技术,信息工程学院
20210407,123456,林静5,女,2024,计算机科学与技术2402班,计算机科学与技术,信息工程学院
20210408,123456,吴婷9,女,2024,计算机科学与技术2402班,计算机科学与技术,信息工程学院
20210409,123456,刘鹏,女,2024,计算机科学与技术2402班,计算机科学与技术,信息工程学院
20210410,123456,林亮,女,2024,计算机科学与技术2402班,计算机科学与技术,信息工程学院
20210411,123456,郑娜,女,2024,计算机科学与技术2402班,计算机科学与技术,信息工程学院
20210412,123456,李强,女,2024,计算机科学与技术2402班,计算机科学与技术,信息工程学院
20210413,123456,张芳,男,2024,计算机科学与技术2402班,计算机科学与技术,信息工程学院
20210414,123456,胡娜,女,2024,计算机科学与技术2402班,计算机科学与技术,信息工程学院
20210415,123456,杨鹏,男,2024,计算机科学与技术2402班,计算机科学与技术,信息工程学院
20210416,123456,何雪,男,2024,计算机科学与技术2402班,计算机科学与技术,信息工程学院
20210417,123456,陈燕1,男,2024,计算机科学与技术2402班,计算机科学与技术,信息工程学院
20210418,123456,胡丽,男,2024,计算机科学与技术2402班,计算机科学与技术,信息工程学院
20210419,123456,黄涛,女,2024,计算机科学与技术2402班,计算机科学与技术,信息工程学院
20210420,123456,王军5,男,2024,计算机科学与技术2402班,计算机科学与技术,信息工程学院
20210421,123456,赵军,女,2024,计算机科学与技术2403班,计算机科学与技术,信息工程学院
20210422,123456,朱婷7,女,2024,计算机科学与技术2403班,计算机科学与技术,信息工程学院
20210423,123456,赵雪,男,2024,计算机科学与技术2403班,计算机科学与技术,信息工程学院
20210424,123456,罗雪,女,2024,计算机科学与技术2403班,计算机科学与技术,信息工程学院
20210425,123456,刘超6,男,2024,计算机科学与技术2403班,计算机科学与技术,信息工程学院
20210426,123456,朱军,女,2024,计算机科学与技术2403班,计算机科学与技术,信息工程学院
20210427,123456,郑伟,女,2024,计算机科学与技术2403班,计算机科学与技术,信息工程学院
20210428,123456,罗丽6,女,2024,计算机科学与技术2403班,计算机科学与技术,信息工程学院
20210429,123456,刘燕,女,2024,计算机科学与技术2403班,计算机科学与技术,信息工程学院
20210430,123456,王婷,男,2024,计算机科学与技术2403班,计算机科学与技术,信息工程学院
20210431,123456,马鹏7,女,2024,计算机科学与技术2403班,计算机科学与技术,信息工程学院
20210432,123456,周强,男,2024,计算机科学与技术2403班,计算机科学与技术,信息工程学院
20210433,123456,李芳5,女,2024,计算机科学与技术2403班,计算机科学与技术,信息工程学院
20210434,123456,吴鹏8,女,2024,计算机科学与技术2403班,计算机科学与技术,信息工程学院
20210435,123456,何芳,女,2024,计算机科学与技术2403班,计算机科学与技术,信息工程学院
20210436,123456,周勇7,男,2024,计算机科学与技术2403班,计算机科学与技术,信息工程学院
20210437,123456,何丽1,女,2024,计算机科学与技术2403班,计算机科学与技术,信息工程学院
20210438,123456,朱勇7,女,2024,计算机科学与技术2403班,计算机科学与技术,信息工程学院
20210439,123456,黄琳,男,2024,计算机科学与技术2403班,计算机科学与技术,信息工程学院
20210440,123456,孙琳,女,2024,计算机科学与技术2403班,计算机科学与技术,信息工程学院
20210441,123456,张静6,男,2024,计算机科学与技术2403班,计算机科学与技术,信息工程学院
20210442,123456,杨婷5,女,2024,计算机科学与技术2403班,计算机科学与技术,信息工程学院
20210443,123456,林磊,男,2024,计算机科学与技术2403班,计算机科学与技术,信息工程学院
20210444,123456,郑超7,男,2024,计算机科学与技术2403班,计算机科学与技术,信息工程学院
20210445,123456,李强7,男,2024,计算机科学与技术2403班,计算机科学与技术,信息工程学院
20210446,123456,林燕3,男,2024,计算机科学与技术2403班,计算机科学与技术,信息工程学院
20210447,123456,罗燕,男,2024,计算机科学与技术2403班,计算机科学与技术,信息工程学院
20210448,123456,张丽2,男,2024,计算机科学与技术2403班,计算机科学与技术,信息工程学院
20210449,123456,孙燕,男,2024,计算机科学与技术2403班,计算机科学与技术,信息工程学院
20210450,123456,孙琳4,女,2024,计算机科学与技术2403班,计算机科学与技术,信息工程学院
20210451,123456,高亮,男,2024,计算机科学与技术2404班,计算机科学与技术,信息工程学院
20210452,123456,徐勇6,女,2024,计算机科学与技术2404班,计算机科学与技术,信息工程学院
20210453,123456,高燕7,男,2024,计算机科学与技术2404班,计算机科学与技术,信息工程学院
20210454,123456,林静3,男,2024,计算机科学与技术2404班,计算机科学与技术,信息工程学院
20210455,123456,陈勇,男,2024,计算机科学与技术2404班,计算机科学与技术,信息工程学院
20210456,123456,马磊8,男,2024,计算机科学与技术2404班,计算机科学与技术,信息工程学院
20210457,123456,杨婷,男,2024,计算机科学与技术2404班,计算机科学与技术,信息工程学院
20210458,123456,王娜,男,2024,计算机科学与技术2404班,计算机科学与技术,信息工程学院
20210459,123456,张伟,女,2024,计算机科学与技术2404班,计算机科学与技术,信息工程学院
20210460,123456,高梅7,女,2024,计算机科学与技术2404班,计算机科学与技术,信息工程学院
20210461,123456,马强3,男,2024,计算机科学与技术2404班,计算机科学与技术,信息工程学院
20210462,123456,张芳5,女,2024,计算机科学与技术2404班,计算机科学与技术,信息工程学院
20210463,123456,林婷3,女,2024,计算机科学与技术2404班,计算机科学与技术,信息工程学院
20210464,123456,徐杰9,女,2024,计算机科学与技术2404班,计算机科学与技术,信息工程学院
20210465,123456,吴琳,男,2024,计算机科学与技术2404班,计算机科学与技术,信息工程学院
20210466,123456,吴超,男,2024,计算机科学与技术2404班,计算机科学与技术,信息工程学院
20210467,123456,何强9,女,2024,计算机科学与技术2404班,计算机科学与技术,信息工程学院
20210468,123456,赵丽,女,2024,计算机科学与技术2404班,计算机科学与技术,信息工程学院
20210469,123456,郑杰,男,2024,计算机科学与技术2404班,计算机科学与技术,信息工程学院
20210470,123456,孙燕8,男,2024,计算机科学与技术2404班,计算机科学与技术,信息工程学院
20210471,123456,罗梅1,女,2024,计算机科学与技术2404班,计算机科学与技术,信息工程学院
20210472,123456,胡涛,男,2024,计算机科学与技术2404班,计算机科学与技术,信息工程学院
20210473,123456,何雪7,女,2024,计算机科学与技术2404班,计算机科学与技术,信息工程学院
20210474,123456,胡亮,男,2024,计算机科学与技术2404班,计算机科学与技术,信息工程学院
20210475,123456,孙勇4,男,2024,计算机科学与技术2404班,计算机科学与技术,信息工程学院
20210476,123456,马杰8,男,2024,计算机科学与技术2404班,计算机科学与技术,信息工程学院
20210477,123456,张琳7,男,2024,计算机科学与技术2404班,计算机科学与技术,信息工程学院
20210478,123456,赵婷,女,2024,计算机科学与技术2404班,计算机科学与技术,信息工程学院
20210479,123456,刘鹏,男,2024,计算机科学与技术2404班,计算机科学与技术,信息工程学院
20210480,123456,胡燕,女,2024,计算机科学与技术2404班,计算机科学与技术,信息工程学院
20210481,123456,徐伟,女,2021,软件工程2101班,软件工程,信息工程学院
20210482,123456,高伟,男,2021,软件工程2101班,软件工程,信息工程学院
20210483,123456,徐芳,女,2021,软件工程2101班,软件工程,信息工程学院
20210484,123456,高丽3,男,2021,软件工程2101班,软件工程,信息工程学院
20210485,123456,周敏8,女,2021,软件工程2101班,软件工程,信息工程学院
20210486,123456,罗涛,男,2021,软件工程2101班,软件工程,信息工程学院
20210487,123456,罗杰4,女,2021,软件工程2101班,软件工程,信息工程学院
20210488,123456,张伟,女,2021,软件工程2101班,软件工程,信息工程学院
20210489,123456,罗亮,女,2021,软件工程2101班,软件工程,信息工程学院
20210490,123456,孙雪6,男,2021,软件工程2101班,软件工程,信息工程学院
20210491,123456,王杰,女,2021,软件工程2101班,软件工程,信息工程学院
20210492,123456,徐超,女,2021,软件工程2101班,软件工程,信息工程学院
20210493,123456,陈梅,男,2021,软件工程2101班,软件工程,信息工程学院
20210494,123456,黄亮,男,2021,软件工程2101班,软件工程,信息工程学院
20210495,123456,马亮,男,2021,软件工程2101班,软件工程,信息工程学院
20210496,123456,吴燕3,女,2021,软件工程2101班,软件工程,信息工程学院
20210497,123456,罗涛,女,2021,软件工程2101班,软件工程,信息工程学院
20210498,123456,郑雪,女,2021,软件工程2101班,软件工程,信息工程学院
20210499,123456,罗琳2,女,2021,软件工程2101班,软件工程,信息工程学院
20210500,123456,吴强,男,2021,软件工程2101班,软件工程,信息工程学院
20210501,123456,徐婷,女,2021,软件工程2101班,软件工程,信息工程学院
20210502,123456,刘燕,女,2021,软件工程2101班,软件工程,信息工程学院
20210503,123456,王敏,女,2021,软件工程2101班,软件工程,信息工程学院
20210504,123456,黄芳,男,2021,软件工程2101班,软件工程,信息工程学院
20210505,123456,罗勇2,女,2021,软件工程2101班,软件工程,信息工程学院
20210506,123456,陈强0,男,2021,软件工程2101班,软件工程,信息工程学院
20210507,123456,赵涛2,女,2021,软件工程2101班,软件工程,信息工程学院
20210508,123456,马婷8,男,2021,软件工程2101班,软件工程,信息工程学院
20210509,123456,马涛,男,2021,软件工程2101班,软件工程,信息工程学院
20210510,123456,赵静,男,2021,软件工程2101班,软件工程,信息工程学院
20210511,123456,李超,女,2021,软件工程2102班,软件工程,信息工程学院
20210512,123456,赵芳,男,2021,软件工程2102班,软件工程,信息工程学院
20210513,123456,黄杰,男,2021,软件工程2102班,软件工程,信息工程学院
20210514,123456,周亮0,男,2021,软件工程2102班,软件工程,信息工程学院
20210515,123456,赵军8,男,2021,软件工程2102班,软件工程,信息工程学院
20210516,123456,赵鹏7,女,2021,软件工程2102班,软件工程,信息工程学院
20210517,123456,李磊7,女,2021,软件工程2102班,软件工程,信息工程学院
20210518,123456,高琳5,女,2021,软件工程2102班,软件工程,信息工程学院
20210519,123456,张伟,女,2021,软件工程2102班,软件工程,信息工程学院
20210520,123456,罗鹏,男,2021,软件工程2102班,软件工程,信息工程学院
20210521,123456,林鹏,男,2021,软件工程2102班,软件工程,信息工程学院
20210522,123456,王杰,男,2021,软件工程2102班,软件工程,信息工程学院
20210523,123456,周梅,女,2021,软件工程2102班,软件工程,信息工程学院
20210524,123456,罗勇9,女,2021,软件工程2102班,软件工程,信息工程学院
20210525,123456,黄琳0,男,2021,软件工程2102班,软件工程,信息工程学院
20210526,123456,郑娜,男,2021,软件工程2102班,软件工程,信息工程学院
20210527,123456,郑婷,女,2021,软件工程2102班,软件工程,信息工程学院
20210528,123456,周伟0,女,2021,软件工程2102班,软件工程,信息工程学院
20210529,123456,郑婷,女,2021,软件工程2102班,软件工程,信息工程学院
20210530,123456,赵杰,男,2021,软件工程2102班,软件工程,信息工程学院
20210531,123456,张丽9,男,2021,软件工程2102班,软件工程,信息工程学院
20210532,123456,孙丽8,男,2021,软件工程2102班,软件工程,信息工程学院
20210533,123456,赵雪,女,2021,软件工程2102班,软件工程,信息工程学院
20210534,123456,刘敏1,女,2021,软件工程2102班,软件工程,信息工程学院
20210535,123456,李鹏,男,2021,软件工程2102班,软件工程,信息工程学院
20210536,123456,高强9,男,2021,软件工程2102班,软件工程,信息工程学院
20210537,123456,孙伟1,男,2021,软件工程2102班,软件工程,信息工程学院
20210538,123456,张杰,女,2021,软件工程2102班,软件工程,信息工程学院
20210539,123456,林勇,男,2021,软件工程2102班,软件工程,信息工程学院
20210540,123456,徐伟4,女,2021,软件工程2102班,软件工程,信息工程学院
20210541,123456,孙静6,男,2021,软件工程2103班,软件工程,信息工程学院
20210542,123456,张静4,男,2021,软件工程2103班,软件工程,信息工程学院
20210543,123456,张强,女,2021,软件工程2103班,软件工程,信息工程学院
20210544,123456,马亮0,男,2021,软件工程2103班,软件工程,信息工程学院
20210545,123456,吴强,男,2021,软件工程2103班,软件工程,信息工程学院
20210546,123456,马杰9,男,2021,软件工程2103班,软件工程,信息工程学院
20210547,123456,孙军5,女,2021,软件工程2103班,软件工程,信息工程学院
20210548,123456,杨芳,男,2021,软件工程2103班,软件工程,信息工程学院
20210549,123456,孙丽,男,2021,软件工程2103班,软件工程,信息工程学院
20210550,123456,林梅,男,2021,软件工程2103班,软件工程,信息工程学院
20210551,123456,吴琳3,女,2021,软件工程2103班,软件工程,信息工程学院
20210552,123456,周琳0,男,2021,软件工程2103班,软件工程,信息工程学院
20210553,123456,陈亮,男,2021,软件工程2103班,软件工程,信息工程学院
20210554,123456,杨伟,男,2021,软件工程2103班,软件工程,信息工程学院
20210555,123456,马芳9,女,2021,软件工程2103班,软件工程,信息工程学院
20210556,123456,吴强3,男,2021,软件工程2103班,软件工程,信息工程学院
20210557,123456,罗勇8,男,2021,软件工程2103班,软件工程,信息工程学院
20210558,123456,周强1,男,2021,软件工程2103班,软件工程,信息工程学院
20210559,123456,朱磊0,男,2021,软件工程2103班,软件工程,信息工程学院
20210560,123456,马敏,女,2021,软件工程2103班,软件工程,信息工程学院
20210561,123456,陈亮,男,2021,软件工程2103班,软件工程,信息工程学院
20210562,123456,马丽3,男,2021,软件工程2103班,软件工程,信息工程学院
20210563,123456,赵芳,女,2021,软件工程2103班,软件工程,信息工程学院
20210564,123456,张军8,男,2021,软件工程2103班,软件工程,信息工程学院
20210565,123456,张强5,女,2021,软件工程2103班,软件工程,信息工程学院
20210566,123456,李磊,女,2021,软件工程2103班,软件工程,信息工程学院
20210567,123456,孙超5,女,2021,软件工程2103班,软件工程,信息工程学院
20210568,123456,王婷9,男,2021,软件工程2103班,软件工程,信息工程学院
20210569,123456,徐雪1,男,2021,软件工程2103班,软件工程,信息工程学院
20210570,123456,周杰0,女,2021,软件工程2103班,软件工程,信息工程学院
20210571,123456,高勇0,女,2021,软件工程2104班,软件工程,信息工程学院
20210572,123456,胡梅2,女,2021,软件工程2104班,软件工程,信息工程学院
20210573,123456,孙婷,女,2021,软件工程2104班,软件工程,信息工程学院
20210574,123456,孙燕,男,2021,软件工程2104班,软件工程,信息工程学院
20210575,123456,周涛8,男,2021,软件工程2104班,软件工程,信息工程学院
20210576,123456,李静7,男,2021,软件工程2104班,软件工程,信息工程学院
20210577,123456,陈磊7,女,2021,软件工程2104班,软件工程,信息工程学院
20210578,123456,周婷6,女,2021,软件工程2104班,软件工程,信息工程学院
20210579,123456,朱静9,女,2021,软件工程2104班,软件工程,信息工程学院
20210580,123456,陈芳,女,2021,软件工程2104班,软件工程,信息工程学院
20210581,123456,刘磊,女,2021,软件工程2104班,软件工程,信息工程学院
20210582,123456,马琳,男,2021,软件工程2104班,软件工程,信息工程学院
20210583,123456,林强,女,2021,软件工程2104班,软件工程,信息工程学院
20210584,123456,张伟,女,2021,软件工程2104班,软件工程,信息工程学院
20210585,123456,何燕3,男,2021,软件工程2104班,软件工程,信息工程学院
20210586,123456,马梅0,男,2021,软件工程2104班,软件工程,信息工程学院
20210587,123456,王雪7,女,2021,软件工程2104班,软件工程,信息工程学院
20210588,123456,高静9,男,2021,软件工程2104班,软件工程,信息工程学院
20210589,123456,赵涛,女,2021,软件工程2104班,软件工程,信息工程学院
20210590,123456,孙丽5,男,2021,软件工程2104班,软件工程,信息工程学院
20210591,123456,陈杰9,女,2021,软件工程2104班,软件工程,信息工程学院
20210592,123456,林超,男,2021,软件工程2104班,软件工程,信息工程学院
20210593,123456,郑杰1,女,2021,软件工程2104班,软件工程,信息工程学院
20210594,123456,徐梅0,女,2021,软件工程2104班,软件工程,信息工程学院
20210595,123456,陈强3,男,2021,软件工程2104班,软件工程,信息工程学院
20210596,123456,刘梅,男,2021,软件工程2104班,软件工程,信息工程学院
20210597,123456,黄军1,男,2021,软件工程2104班,软件工程,信息工程学院
20210598,123456,孙丽,男,2021,软件工程2104班,软件工程,信息工程学院
20210599,123456,胡琳,女,2021,软件工程2104班,软件工程,信息工程学院
20210600,123456,刘梅0,女,2021,软件工程2104班,软件工程,信息工程学院
20210601,123456,孙超3,女,2022,软件工程2201班,软件工程,信息工程学院
20210602,123456,王杰,男,2022,软件工程2201班,软件工程,信息工程学院
20210603,123456,孙军,女,2022,软件工程2201班,软件工程,信息工程学院
20210604,123456,罗芳5,男,2022,软件工程2201班,软件工程,信息工程学院
20210605,123456,朱伟7,女,2022,软件工程2201班,软件工程,信息工程学院
20210606,123456,周伟,女,2022,软件工程2201班,软件工程,信息工程学院
20210607,123456,王涛,男,2022,软件工程2201班,软件工程,信息工程学院
20210608,123456,张磊,男,2022,软件工程2201班,软件工程,信息工程学院
20210609,123456,黄芳,男,2022,软件工程2201班,软件工程,信息工程学院
20210610,123456,孙杰,女,2022,软件工程2201班,软件工程,信息工程学院
20210611,123456,朱超,男,2022,软件工程2201班,软件工程,信息工程学院
20210612,123456,林强,女,2022,软件工程2201班,软件工程,信息工程学院
20210613,123456,刘杰5,男,2022,软件工程2201班,软件工程,信息工程学院
20210614,123456,吴亮,男,2022,软件工程2201班,软件工程,信息工程学院
20210615,123456,陈超,女,2022,软件工程2201班,软件工程,信息工程学院
20210616,123456,胡勇,女,2022,软件工程2201班,软件工程,信息工程学院
20210617,123456,赵雪,女,2022,软件工程2201班,软件工程,信息工程学院
20210618,123456,林敏,男,2022,软件工程2201班,软件工程,信息工程学院
20210619,123456,刘梅,男,2022,软件工程2201班,软件工程,信息工程学院
20210620,123456,胡勇,女,2022,软件工程2201班,软件工程,信息工程学院
20210621,123456,何敏,男,2022,软件工程2201班,软件工程,信息工程学院
20210622,123456,吴超,女,2022,软件工程2201班,软件工程,信息工程学院
20210623,123456,朱伟8,男,2022,软件工程2201班,软件工程,信息工程学院
20210624,123456,罗亮,女,2022,软件工程2201班,软件工程,信息工程学院
20210625,123456,杨超,男,2022,软件工程2201班,软件工程,信息工程学院
20210626,123456,王涛,男,2022,软件工程2201班,软件工程,信息工程学院
20210627,123456,杨鹏5,男,2022,软件工程2201班,软件工程,信息工程学院
20210628,123456,王勇1,女,2022,软件工程2201班,软件工程,信息工程学院
20210629,123456,刘勇,男,2022,软件工程2201班,软件工程,信息工程学院
20210630,123456,郑超,男,2022,软件工程2201班,软件工程,信息工程学院
20210631,123456,黄丽,女,2022,软件工程2202班,软件工程,信息工程学院
20210632,123456,黄超4,男,2022,软件工程2202班,软件工程,信息工程学院
20210633,123456,杨婷0,女,2022,软件工程2202班,软件工程,信息工程学院
20210634,123456,张娜,女,2022,软件工程2202班,软件工程,信息工程学院
20210635,123456,高琳,女,2022,软件工程2202班,软件工程,信息工程学院
20210636,123456,杨雪,男,2022,软件工程2202班,软件工程,信息工程学院
20210637,123456,胡鹏4,男,2022,软件工程2202班,软件工程,信息工程学院
20210638,123456,罗敏,女,2022,软件工程2202班,软件工程,信息工程学院
20210639,123456,郑杰7,女,2022,软件工程2202班,软件工程,信息工程学院
20210640,123456,刘磊,女,2022,软件工程2202班,软件工程,信息工程学院
20210641,123456,何敏,男,2022,软件工程2202班,软件工程,信息工程学院
20210642,123456,林雪,女,2022,软件工程2202班,软件工程,信息工程学院
20210643,123456,罗杰,男,2022,软件工程2202班,软件工程,信息工程学院
20210644,123456,林芳,男,2022,软件工程2202班,软件工程,信息工程学院
20210645,123456,徐强,女,2022,软件工程2202班,软件工程,信息工程学院
20210646,123456,林丽,女,2022,软件工程2202班,软件工程,信息工程学院
20210647,123456,杨敏,男,2022,软件工程2202班,软件工程,信息工程学院
20210648,123456,杨军,男,2022,软件工程2202班,软件工程,信息工程学院
20210649,123456,徐静,男,2022,软件工程2202班,软件工程,信息工程学院
20210650,123456,马丽,男,2022,软件工程2202班,软件工程,信息工程学院
20210651,123456,陈婷,女,2022,软件工程2202班,软件工程,信息工程学院
20210652,123456,张敏,女,2022,软件工程2202班,软件工程,信息工程学院
20210653,123456,高军8,女,2022,软件工程2202班,软件工程,信息工程学院
20210654,123456,郑梅,女,2022,软件工程2202班,软件工程,信息工程学院
20210655,123456,周丽,男,2022,软件工程2202班,软件工程,信息工程学院
20210656,123456,李芳,男,2022,软件工程2202班,软件工程,信息工程学院
20210657,123456,郑雪0,男,2022,软件工程2202班,软件工程,信息工程学院
20210658,123456,高雪,女,2022,软件工程2202班,软件工程,信息工程学院
20210659,123456,吴琳9,女,2022,软件工程2202班,软件工程,信息工程学院
20210660,123456,高伟,男,2022,软件工程2202班,软件工程,信息工程学院
20210661,123456,吴芳,男,2022,软件工程2203班,软件工程,信息工程学院
20210662,123456,陈丽,男,2022,软件工程2203班,软件工程,信息工程学院
20210663,123456,李芳6,男,2022,软件工程2203班,软件工程,信息工程学院
20210664,123456,黄丽,女,2022,软件工程2203班,软件工程,信息工程学院
20210665,123456,高婷6,男,2022,软件工程2203班,软件工程,信息工程学院
20210666,123456,陈雪4,女,2022,软件工程2203班,软件工程,信息工程学院
20210667,123456,何超1,男,2022,软件工程2203班,软件工程,信息工程学院
20210668,123456,刘磊,男,2022,软件工程2203班,软件工程,信息工程学院
20210669,123456,马静,女,2022,软件工程2203班,软件工程,信息工程学院
20210670,123456,张娜,女,2022,软件工程2203班,软件工程,信息工程学院
20210671,123456,罗芳9,女,2022,软件工程2203班,软件工程,信息工程学院
20210672,123456,徐娜,男,2022,软件工程2203班,软件工程,信息工程学院
20210673,123456,罗丽,女,2022,软件工程2203班,软件工程,信息工程学院
20210674,123456,朱超,女,2022,软件工程2203班,软件工程,信息工程学院
20210675,123456,徐雪,女,2022,软件工程2203班,软件工程,信息工程学院
20210676,123456,高勇,男,2022,软件工程2203班,软件工程,信息工程学院
20210677,123456,黄鹏1,女,2022,软件工程2203班,软件工程,信息工程学院
20210678,123456,马丽3,男,2022,软件工程2203班,软件工程,信息工程学院
20210679,123456,杨鹏9,男,2022,软件工程2203班,软件工程,信息工程学院
20210680,123456,孙亮2,男,2022,软件工程2203班,软件工程,信息工程学院
20210681,123456,张静,女,2022,软件工程2203班,软件工程,信息工程学院
20210682,123456,高丽,女,2022,软件工程2203班,软件工程,信息工程学院
20210683,123456,罗伟,男,2022,软件工程2203班,软件工程,信息工程学院
20210684,123456,马亮1,女,2022,软件工程2203班,软件工程,信息工程学院
20210685,123456,吴勇,男,2022,软件工程2203班,软件工程,信息工程学院
20210686,123456,林军,女,2022,软件工程2203班,软件工程,信息工程学院
20210687,123456,黄丽,女,2022,软件工程2203班,软件工程,信息工程学院
20210688,123456,朱勇,男,2022,软件工程2203班,软件工程,信息工程学院
20210689,123456,马琳,男,2022,软件工程2203班,软件工程,信息工程学院
20210690,123456,罗亮,男,2022,软件工程2203班,软件工程,信息工程学院
20210691,123456,赵杰4,女,2022,软件工程2204班,软件工程,信息工程学院
20210692,123456,孙婷,男,2022,软件工程2204班,软件工程,信息工程学院
20210693,123456,陈敏7,女,2022,软件工程2204班,软件工程,信息工程学院
20210694,123456,王静5,女,2022,软件工程2204班,软件工程,信息工程学院
20210695,123456,林强,男,2022,软件工程2204班,软件工程,信息工程学院
20210696,123456,徐军,女,2022,软件工程2204班,软件工程,信息工程学院
20210697,123456,高燕,男,2022,软件工程2204班,软件工程,信息工程学院
20210698,123456,何琳,男,2022,软件工程2204班,软件工程,信息工程学院
20210699,123456,张勇0,女,2022,软件工程2204班,软件工程,信息工程学院
20210700,123456,赵超3,女,2022,软件工程2204班,软件工程,信息工程学院
20210701,123456,罗琳,女,2022,软件工程2204班,软件工程,信息工程学院
20210702,123456,黄勇,男,2022,软件工程2204班,软件工程,信息工程学院
20210703,123456,马亮,女,2022,软件工程2204班,软件工程,信息工程学院
20210704,123456,李婷,女,2022,软件工程2204班,软件工程,信息工程学院
20210705,123456,刘丽,女,2022,软件工程2204班,软件工程,信息工程学院
20210706,123456,郑勇,女,2022,软件工程2204班,软件工程,信息工程学院
20210707,123456,孙燕5,女,2022,软件工程2204班,软件工程,信息工程学院
20210708,123456,罗超7,男,2022,软件工程2204班,软件工程,信息工程学院
20210709,123456,马娜8,女,2022,软件工程2204班,软件工程,信息工程学院
20210710,123456,刘婷,女,2022,软件工程2204班,软件工程,信息工程学院
20210711,123456,陈娜1,女,2022,软件工程2204班,软件工程,信息工程学院
20210712,123456,何伟,女,2022,软件工程2204班,软件工程,信息工程学院
20210713,123456,徐燕,男,2022,软件工程2204班,软件工程,信息工程学院
20210714,123456,高静8,女,2022,软件工程2204班,软件工程,信息工程学院
20210715,123456,周亮7,男,2022,软件工程2204班,软件工程,信息工程学院
20210716,123456,马鹏,男,2022,软件工程2204班,软件工程,信息工程学院
20210717,123456,黄伟7,女,2022,软件工程2204班,软件工程,信息工程学院
20210718,123456,马鹏4,男,2022,软件工程2204班,软件工程,信息工程学院
20210719,123456,周静,男,2022,软件工程2204班,软件工程,信息工程学院
20210720,123456,罗梅,男,2022,软件工程2204班,软件工程,信息工程学院
20210721,123456,吴丽,男,2023,软件工程2301班,软件工程,信息工程学院
20210722,123456,何超,女,2023,软件工程2301班,软件工程,信息工程学院
20210723,123456,杨静,男,2023,软件工程2301班,软件工程,信息工程学院
20210724,123456,罗丽9,女,2023,软件工程2301班,软件工程,信息工程学院
20210725,123456,徐杰,男,2023,软件工程2301班,软件工程,信息工程学院
20210726,123456,徐磊,男,2023,软件工程2301班,软件工程,信息工程学院
20210727,123456,罗梅7,男,2023,软件工程2301班,软件工程,信息工程学院
20210728,123456,张鹏6,男,2023,软件工程2301班,软件工程,信息工程学院
20210729,123456,李琳,男,2023,软件工程2301班,软件工程,信息工程学院
20210730,123456,何琳,男,2023,软件工程2301班,软件工程,信息工程学院
20210731,123456,杨静,男,2023,软件工程2301班,软件工程,信息工程学院
20210732,123456,周强4,男,2023,软件工程2301班,软件工程,信息工程学院
20210733,123456,陈芳4,男,2023,软件工程2301班,软件工程,信息工程学院
20210734,123456,周超,女,2023,软件工程2301班,软件工程,信息工程学院
20210735,123456,张磊3,女,2023,软件工程2301班,软件工程,信息工程学院
20210736,123456,何杰5,女,2023,软件工程2301班,软件工程,信息工程学院
20210737,123456,朱杰,女,2023,软件工程2301班,软件工程,信息工程学院
20210738,123456,刘梅8,女,2023,软件工程2301班,软件工程,信息工程学院
20210739,123456,黄鹏3,男,2023,软件工程2301班,软件工程,信息工程学院
20210740,123456,高丽5,男,2023,软件工程2301班,软件工程,信息工程学院
20210741,123456,郑琳,男,2023,软件工程2301班,软件工程,信息工程学院
20210742,123456,王军1,男,2023,软件工程2301班,软件工程,信息工程学院
20210743,123456,王芳,男,2023,软件工程2301班,软件工程,信息工程学院
20210744,123456,陈亮,女,2023,软件工程2301班,软件工程,信息工程学院
20210745,123456,赵娜,女,2023,软件工程2301班,软件工程,信息工程学院
20210746,123456,高亮7,男,2023,软件工程2301班,软件工程,信息工程学院
20210747,123456,赵丽1,男,2023,软件工程2301班,软件工程,信息工程学院
20210748,123456,胡燕3,女,2023,软件工程2301班,软件工程,信息工程学院
20210749,123456,郑雪6,男,2023,软件工程2301班,软件工程,信息工程学院
20210750,123456,高军,男,2023,软件工程2301班,软件工程,信息工程学院
20210751,123456,朱鹏,男,2023,软件工程2302班,软件工程,信息工程学院
20210752,123456,李梅0,女,2023,软件工程2302班,软件工程,信息工程学院
20210753,123456,高强4,男,2023,软件工程2302班,软件工程,信息工程学院
20210754,123456,郑婷,男,2023,软件工程2302班,软件工程,信息工程学院
20210755,123456,马静3,男,2023,软件工程2302班,软件工程,信息工程学院
20210756,123456,刘鹏6,男,2023,软件工程2302班,软件工程,信息工程学院
20210757,123456,赵丽,男,2023,软件工程2302班,软件工程,信息工程学院
20210758,123456,徐婷7,女,2023,软件工程2302班,软件工程,信息工程学院
20210759,123456,张勇,男,2023,软件工程2302班,软件工程,信息工程学院
20210760,123456,徐亮9,女,2023,软件工程2302班,软件工程,信息工程学院
20210761,123456,何敏2,男,2023,软件工程2302班,软件工程,信息工程学院
20210762,123456,郑亮0,女,2023,软件工程2302班,软件工程,信息工程学院
20210763,123456,张军6,女,2023,软件工程2302班,软件工程,信息工程学院
20210764,123456,徐伟,女,2023,软件工程2302班,软件工程,信息工程学院
20210765,123456,徐勇,男,2023,软件工程2302班,软件工程,信息工程学院
20210766,123456,刘强3,男,2023,软件工程2302班,软件工程,信息工程学院
20210767,123456,周燕7,女,2023,软件工程2302班,软件工程,信息工程学院
20210768,123456,黄静6,女,2023,软件工程2302班,软件工程,信息工程学院
20210769,123456,胡涛,男,2023,软件工程2302班,软件工程,信息工程学院
20210770,123456,黄鹏,女,2023,软件工程2302班,软件工程,信息工程学院
20210771,123456,马亮7,女,2023,软件工程2302班,软件工程,信息工程学院
20210772,123456,罗鹏9,男,2023,软件工程2302班,软件工程,信息工程学院
20210773,123456,孙燕,男,2023,软件工程2302班,软件工程,信息工程学院
20210774,123456,马芳0,男,2023,软件工程2302班,软件工程,信息工程学院
20210775,123456,何杰6,女,2023,软件工程2302班,软件工程,信息工程学院
20210776,123456,孙磊,女,2023,软件工程2302班,软件工程,信息工程学院
20210777,123456,何军9,男,2023,软件工程2302班,软件工程,信息工程学院
20210778,123456,马丽,男,2023,软件工程2302班,软件工程,信息工程学院
20210779,123456,孙鹏,女,2023,软件工程2302班,软件工程,信息工程学院
20210780,123456,何雪,女,2023,软件工程2302班,软件工程,信息工程学院
20210781,123456,胡磊5,男,2023,软件工程2303班,软件工程,信息工程学院
20210782,123456,罗磊,女,2023,软件工程2303班,软件工程,信息工程学院
20210783,123456,李勇5,男,2023,软件工程2303班,软件工程,信息工程学院
20210784,123456,吴琳,男,2023,软件工程2303班,软件工程,信息工程学院
20210785,123456,朱强7,男,2023,软件工程2303班,软件工程,信息工程学院
20210786,123456,杨琳,男,2023,软件工程2303班,软件工程,信息工程学院
20210787,123456,赵琳5,男,2023,软件工程2303班,软件工程,信息工程学院
20210788,123456,胡敏8,男,2023,软件工程2303班,软件工程,信息工程学院
20210789,123456,林梅6,男,2023,软件工程2303班,软件工程,信息工程学院
20210790,123456,林军2,女,2023,软件工程2303班,软件工程,信息工程学院
20210791,123456,孙娜,女,2023,软件工程2303班,软件工程,信息工程学院
20210792,123456,陈磊3,男,2023,软件工程2303班,软件工程,信息工程学院
20210793,123456,罗燕,男,2023,软件工程2303班,软件工程,信息工程学院
20210794,123456,杨亮,男,2023,软件工程2303班,软件工程,信息工程学院
20210795,123456,胡军,女,2023,软件工程2303班,软件工程,信息工程学院
20210796,123456,徐涛,男,2023,软件工程2303班,软件工程,信息工程学院
20210797,123456,杨静3,女,2023,软件工程2303班,软件工程,信息工程学院
20210798,123456,何静,女,2023,软件工程2303班,软件工程,信息工程学院
20210799,123456,孙燕6,男,2023,软件工程2303班,软件工程,信息工程学院
20210800,123456,王娜,男,2023,软件工程2303班,软件工程,信息工程学院
20210801,123456,徐杰9,男,2023,软件工程2303班,软件工程,信息工程学院
20210802,123456,张勇,女,2023,软件工程2303班,软件工程,信息工程学院
20210803,123456,马鹏,女,2023,软件工程2303班,软件工程,信息工程学院
20210804,123456,黄杰,女,2023,软件工程2303班,软件工程,信息工程学院
20210805,123456,朱超,男,2023,软件工程2303班,软件工程,信息工程学院
20210806,123456,杨丽,女,2023,软件工程2303班,软件工程,信息工程学院
20210807,123456,孙磊7,女,2023,软件工程2303班,软件工程,信息工程学院
20210808,123456,王燕4,女,2023,软件工程2303班,软件工程,信息工程学院
20210809,123456,林敏,男,2023,软件工程2303班,软件工程,信息工程学院
20210810,123456,孙伟,女,2023,软件工程2303班,软件工程,信息工程学院
20210811,123456,高婷2,女,2023,软件工程2304班,软件工程,信息工程学院
20210812,123456,朱雪3,女,2023,软件工程2304班,软件工程,信息工程学院
20210813,123456,胡超,女,2023,软件工程2304班,软件工程,信息工程学院
20210814,123456,马娜,女,2023,软件工程2304班,软件工程,信息工程学院
20210815,123456,马雪,男,2023,软件工程2304班,软件工程,信息工程学院
20210816,123456,孙静1,男,2023,软件工程2304班,软件工程,信息工程学院
20210817,123456,李婷5,男,2023,软件工程2304班,软件工程,信息工程学院
20210818,123456,吴静,女,2023,软件工程2304班,软件工程,信息工程学院
20210819,123456,朱鹏1,女,2023,软件工程2304班,软件工程,信息工程学院
20210820,123456,吴涛,男,2023,软件工程2304班,软件工程,信息工程学院
20210821,123456,徐琳9,女,2023,软件工程2304班,软件工程,信息工程学院
20210822,123456,李娜3,男,2023,软件工程2304班,软件工程,信息工程学院
20210823,123456,何伟,男,2023,软件工程2304班,软件工程,信息工程学院
20210824,123456,吴琳4,男,2023,软件工程2304班,软件工程,信息工程学院
20210825,123456,张亮9,男,2023,软件工程2304班,软件工程,信息工程学院
20210826,123456,何军4,女,2023,软件工程2304班,软件工程,信息工程学院
20210827,123456,周燕1,女,2023,软件工程2304班,软件工程,信息工程学院
20210828,123456,胡静,女,2023,软件工程2304班,软件工程,信息工程学院
20210829,123456,张燕3,男,2023,软件工程2304班,软件工程,信息工程学院
20210830,123456,刘燕,男,2023,软件工程2304班,软件工程,信息工程学院
20210831,123456,马杰,男,2023,软件工程2304班,软件工程,信息工程学院
20210832,123456,高磊4,男,2023,软件工程2304班,软件工程,信息工程学院
20210833,123456,罗芳3,女,2023,软件工程2304班,软件工程,信息工程学院
20210834,123456,何娜3,男,2023,软件工程2304班,软件工程,信息工程学院
20210835,123456,林涛,男,2023,软件工程2304班,软件工程,信息工程学院
20210836,123456,周伟9,男,2023,软件工程2304班,软件工程,信息工程学院
20210837,123456,高伟,女,2023,软件工程2304班,软件工程,信息工程学院
20210838,123456,吴超0,男,2023,软件工程2304班,软件工程,信息工程学院
20210839,123456,黄芳,女,2023,软件工程2304班,软件工程,信息工程学院
20210840,123456,胡军4,女,2023,软件工程2304班,软件工程,信息工程学院
20210841,123456,林超,男,2024,软件工程2401班,软件工程,信息工程学院
20210842,123456,刘伟9,男,2024,软件工程2401班,软件工程,信息工程学院
20210843,123456,黄燕2,女,2024,软件工程2401班,软件工程,信息工程学院
20210844,123456,吴婷,女,2024,软件工程2401班,软件工程,信息工程学院
20210845,123456,朱丽4,男,2024,软件工程2401班,软件工程,信息工程学院
20210846,123456,王超,女,2024,软件工程2401班,软件工程,信息工程学院
20210847,123456,吴雪,男,2024,软件工程2401班,软件工程,信息工程学院
20210848,123456,杨静,女,2024,软件工程2401班,软件工程,信息工程学院
20210849,123456,罗超,男,2024,软件工程2401班,软件工程,信息工程学院
20210850,123456,陈燕1,男,2024,软件工程2401班,软件工程,信息工程学院
20210851,123456,胡琳6,男,2024,软件工程2401班,软件工程,信息工程学院
20210852,123456,吴静1,女,2024,软件工程2401班,软件工程,信息工程学院
20210853,123456,王超2,女,2024,软件工程2401班,软件工程,信息工程学院
20210854,123456,张伟9,男,2024,软件工程2401班,软件工程,信息工程学院
20210855,123456,刘鹏1,男,2024,软件工程2401班,软件工程,信息工程学院
20210856,123456,徐敏4,男,2024,软件工程2401班,软件工程,信息工程学院
20210857,123456,郑亮2,女,2024,软件工程2401班,软件工程,信息工程学院
20210858,123456,胡娜,男,2024,软件工程2401班,软件工程,信息工程学院
20210859,123456,徐婷3,女,2024,软件工程2401班,软件工程,信息工程学院
20210860,123456,周梅,女,2024,软件工程2401班,软件工程,信息工程学院
20210861,123456,陈娜,女,2024,软件工程2401班,软件工程,信息工程学院
20210862,123456,李婷,男,2024,软件工程2401班,软件工程,信息工程学院
20210863,123456,王亮,男,2024,软件工程2401班,软件工程,信息工程学院
20210864,123456,孙亮,男,2024,软件工程2401班,软件工程,信息工程学院
20210865,123456,高伟1,男,2024,软件工程2401班,软件工程,信息工程学院
20210866,123456,吴超5,男,2024,软件工程2401班,软件工程,信息工程学院
20210867,123456,李亮,男,2024,软件工程2401班,软件工程,信息工程学院
20210868,123456,黄伟,男,2024,软件工程2401班,软件工程,信息工程学院
20210869,123456,胡梅5,女,2024,软件工程2401班,软件工程,信息工程学院
20210870,123456,陈芳,男,2024,软件工程2401班,软件工程,信息工程学院
20210871,123456,张鹏,男,2024,软件工程2402班,软件工程,信息工程学院
20210872,123456,吴芳0,男,2024,软件工程2402班,软件工程,信息工程学院
20210873,123456,李涛9,男,2024,软件工程2402班,软件工程,信息工程学院
20210874,123456,郑涛6,女,2024,软件工程2402班,软件工程,信息工程学院
20210875,123456,赵敏,女,2024,软件工程2402班,软件工程,信息工程学院
20210876,123456,马军8,男,2024,软件工程2402班,软件工程,信息工程学院
20210877,123456,胡梅,女,2024,软件工程2402班,软件工程,信息工程学院
20210878,123456,何娜,男,2024,软件工程2402班,软件工程,信息工程学院
20210879,123456,朱燕,男,2024,软件工程2402班,软件工程,信息工程学院
20210880,123456,林军8,男,2024,软件工程2402班,软件工程,信息工程学院
20210881,123456,陈敏,女,2024,软件工程2402班,软件工程,信息工程学院
20210882,123456,罗婷,女,2024,软件工程2402班,软件工程,信息工程学院
20210883,123456,朱强,男,2024,软件工程2402班,软件工程,信息工程学院
20210884,123456,李婷,女,2024,软件工程2402班,软件工程,信息工程学院
20210885,123456,孙雪6,女,2024,软件工程2402班,软件工程,信息工程学院
20210886,123456,陈勇5,女,2024,软件工程2402班,软件工程,信息工程学院
20210887,123456,杨伟,男,2024,软件工程2402班,软件工程,信息工程学院
20210888,123456,吴敏,女,2024,软件工程2402班,软件工程,信息工程学院
20210889,123456,林勇,女,2024,软件工程2402班,软件工程,信息工程学院
20210890,123456,罗燕,女,2024,软件工程2402班,软件工程,信息工程学院
20210891,123456,高勇9,男,2024,软件工程2402班,软件工程,信息工程学院
20210892,123456,郑超,女,2024,软件工程2402班,软件工程,信息工程学院
20210893,123456,林强,男,2024,软件工程2402班,软件工程,信息工程学院
20210894,123456,林敏6,女,2024,软件工程2402班,软件工程,信息工程学院
20210895,123456,胡雪6,男,2024,软件工程2402班,软件工程,信息工程学院
20210896,123456,赵军,女,2024,软件工程2402班,软件工程,信息工程学院
20210897,123456,黄雪,男,2024,软件工程2402班,软件工程,信息工程学院
20210898,123456,高磊1,男,2024,软件工程2402班,软件工程,信息工程学院
20210899,123456,郑敏,男,2024,软件工程2402班,软件工程,信息工程学院
20210900,123456,赵亮,男,2024,软件工程2402班,软件工程,信息工程学院
20210901,123456,张勇,女,2024,软件工程2403班,软件工程,信息工程学院
20210902,123456,朱婷,女,2024,软件工程2403班,软件工程,信息工程学院
20210903,123456,王琳,男,2024,软件工程2403班,软件工程,信息工程学院
20210904,123456,赵丽1,女,2024,软件工程2403班,软件工程,信息工程学院
20210905,123456,赵琳,女,2024,软件工程2403班,软件工程,信息工程学院
20210906,123456,何军5,男,2024,软件工程2403班,软件工程,信息工程学院
20210907,123456,陈丽,女,2024,软件工程2403班,软件工程,信息工程学院
20210908,123456,吴雪,男,2024,软件工程2403班,软件工程,信息工程学院
20210909,123456,徐超0,男,2024,软件工程2403班,软件工程,信息工程学院
20210910,123456,赵静,女,2024,软件工程2403班,软件工程,信息工程学院
20210911,123456,黄鹏6,男,2024,软件工程2403班,软件工程,信息工程学院
20210912,123456,马雪,男,2024,软件工程2403班,软件工程,信息工程学院
20210913,123456,周勇,女,2024,软件工程2403班,软件工程,信息工程学院
20210914,123456,黄娜9,男,2024,软件工程2403班,软件工程,信息工程学院
20210915,123456,胡静,女,2024,软件工程2403班,软件工程,信息工程学院
20210916,123456,胡静4,女,2024,软件工程2403班,软件工程,信息工程学院
20210917,123456,林娜,女,2024,软件工程2403班,软件工程,信息工程学院
20210918,123456,周超5,男,2024,软件工程2403班,软件工程,信息工程学院
20210919,123456,周琳,男,2024,软件工程2403班,软件工程,信息工程学院
20210920,123456,胡琳3,男,2024,软件工程2403班,软件工程,信息工程学院
20210921,123456,胡梅6,男,2024,软件工程2403班,软件工程,信息工程学院
20210922,123456,周敏8,女,2024,软件工程2403班,软件工程,信息工程学院
20210923,123456,朱琳,男,2024,软件工程2403班,软件工程,信息工程学院
20210924,123456,胡磊6,男,2024,软件工程2403班,软件工程,信息工程学院
20210925,123456,徐勇6,男,2024,软件工程2403班,软件工程,信息工程学院
20210926,123456,徐静,男,2024,软件工程2403班,软件工程,信息工程学院
20210927,123456,李杰1,男,2024,软件工程2403班,软件工程,信息工程学院
20210928,123456,王杰2,女,2024,软件工程2403班,软件工程,信息工程学院
20210929,123456,高勇,男,2024,软件工程2403班,软件工程,信息工程学院
20210930,123456,黄鹏,女,2024,软件工程2403班,软件工程,信息工程学院
20210931,123456,王敏,男,2024,软件工程2404班,软件工程,信息工程学院
20210932,123456,何静2,男,2024,软件工程2404班,软件工程,信息工程学院
20210933,123456,吴娜,男,2024,软件工程2404班,软件工程,信息工程学院
20210934,123456,何梅,女,2024,软件工程2404班,软件工程,信息工程学院
20210935,123456,李超9,女,2024,软件工程2404班,软件工程,信息工程学院
20210936,123456,何勇9,女,2024,软件工程2404班,软件工程,信息工程学院
20210937,123456,朱梅3,男,2024,软件工程2404班,软件工程,信息工程学院
20210938,123456,李婷4,男,2024,软件工程2404班,软件工程,信息工程学院
20210939,123456,罗琳,男,2024,软件工程2404班,软件工程,信息工程学院
20210940,123456,郑杰,男,2024,软件工程2404班,软件工程,信息工程学院
20210941,123456,高丽0,男,2024,软件工程2404班,软件工程,信息工程学院
20210942,123456,何伟5,男,2024,软件工程2404班,软件工程,信息工程学院
20210943,123456,林军,女,2024,软件工程2404班,软件工程,信息工程学院
20210944,123456,朱伟,男,2024,软件工程2404班,软件工程,信息工程学院
20210945,123456,徐婷9,女,2024,软件工程2404班,软件工程,信息工程学院
20210946,123456,朱磊,女,2024,软件工程2404班,软件工程,信息工程学院
20210947,123456,张涛,男,2024,软件工程2404班,软件工程,信息工程学院
20210948,123456,张磊,女,2024,软件工程2404班,软件工程,信息工程学院
20210949,123456,郑雪,女,2024,软件工程2404班,软件工程,信息工程学院
20210950,123456,罗鹏,男,2024,软件工程2404班,软件工程,信息工程学院
20210951,123456,罗涛,男,2024,软件工程2404班,软件工程,信息工程学院
20210952,123456,杨磊5,男,2024,软件工程2404班,软件工程,信息工程学院
20210953,123456,陈婷2,男,2024,软件工程2404班,软件工程,信息工程学院
20210954,123456,朱杰6,男,2024,软件工程2404班,软件工程,信息工程学院
20210955,123456,朱伟,女,2024,软件工程2404班,软件工程,信息工程学院
20210956,123456,朱娜3,女,2024,软件工程2404班,软件工程,信息工程学院
20210957,123456,赵娜5,女,2024,软件工程2404班,软件工程,信息工程学院
20210958,123456,吴亮8,男,2024,软件工程2404班,软件工程,信息工程学院
20210959,123456,赵娜,男,2024,软件工程2404班,软件工程,信息工程学院
20210960,123456,刘梅6,男,2024,软件工程2404班,软件工程,信息工程学院
20210961,123456,刘超,男,2021,人工智能2101班,人工智能,信息工程学院
20210962,123456,刘鹏5,女,2021,人工智能2101班,人工智能,信息工程学院
20210963,123456,赵婷,男,2021,人工智能2101班,人工智能,信息工程学院
20210964,123456,马琳4,男,2021,人工智能2101班,人工智能,信息工程学院
20210965,123456,赵静,女,2021,人工智能2101班,人工智能,信息工程学院
20210966,123456,郑涛,女,2021,人工智能2101班,人工智能,信息工程学院
20210967,123456,张燕0,女,2021,人工智能2101班,人工智能,信息工程学院
20210968,123456,吴鹏7,女,2021,人工智能2101班,人工智能,信息工程学院
20210969,123456,胡芳,女,2021,人工智能2101班,人工智能,信息工程学院
20210970,123456,周涛,男,2021,人工智能2101班,人工智能,信息工程学院
20210971,123456,王鹏9,男,2021,人工智能2101班,人工智能,信息工程学院
20210972,123456,马静,女,2021,人工智能2101班,人工智能,信息工程学院
20210973,123456,杨娜,女,2021,人工智能2101班,人工智能,信息工程学院
20210974,123456,刘伟,男,2021,人工智能2101班,人工智能,信息工程学院
20210975,123456,刘强1,男,2021,人工智能2101班,人工智能,信息工程学院
20210976,123456,罗敏,女,2021,人工智能2101班,人工智能,信息工程学院
20210977,123456,孙强0,女,2021,人工智能2101班,人工智能,信息工程学院
20210978,123456,郑强,女,2021,人工智能2101班,人工智能,信息工程学院
20210979,123456,陈涛,女,2021,人工智能2101班,人工智能,信息工程学院
20210980,123456,赵婷,男,2021,人工智能2101班,人工智能,信息工程学院
20210981,123456,吴雪,女,2021,人工智能2101班,人工智能,信息工程学院
20210982,123456,杨伟,女,2021,人工智能2101班,人工智能,信息工程学院
20210983,123456,刘杰,男,2021,人工智能2101班,人工智能,信息工程学院
20210984,123456,林芳9,男,2021,人工智能2101班,人工智能,信息工程学院
20210985,123456,胡军,男,2021,人工智能2101班,人工智能,信息工程学院
20210986,123456,张琳,男,2021,人工智能2101班,人工智能,信息工程学院
20210987,123456,郑丽,女,2021,人工智能2101班,人工智能,信息工程学院
20210988,123456,高磊,男,2021,人工智能2101班,人工智能,信息工程学院
20210989,123456,吴强5,男,2021,人工智能2101班,人工智能,信息工程学院
20210990,123456,陈静2,男,2021,人工智能2101班,人工智能,信息工程学院
20210991,123456,罗婷3,女,2021,人工智能2102班,人工智能,信息工程学院
20210992,123456,胡亮6,男,2021,人工智能2102班,人工智能,信息工程学院
20210993,123456,高婷7,男,2021,人工智能2102班,人工智能,信息工程学院
20210994,123456,王芳8,男,2021,人工智能2102班,人工智能,信息工程学院
20210995,123456,何雪6,女,2021,人工智能2102班,人工智能,信息工程学院
20210996,123456,徐敏,女,2021,人工智能2102班,人工智能,信息工程学院
20210997,123456,高静4,女,2021,人工智能2102班,人工智能,信息工程学院
20210998,123456,徐琳1,男,2021,人工智能2102班,人工智能,信息工程学院
20210999,123456,李婷5,女,2021,人工智能2102班,人工智能,信息工程学院
20211000,123456,郑梅,男,2021,人工智能2102班,人工智能,信息工程学院
20211001,123456,朱涛,男,2021,人工智能2102班,人工智能,信息工程学院
20211002,123456,王超8,男,2021,人工智能2102班,人工智能,信息工程学院
20211003,123456,朱燕,男,2021,人工智能2102班,人工智能,信息工程学院
20211004,123456,赵超,女,2021,人工智能2102班,人工智能,信息工程学院
20211005,123456,徐勇,女,2021,人工智能2102班,人工智能,信息工程学院
20211006,123456,吴娜,男,2021,人工智能2102班,人工智能,信息工程学院
20211007,123456,胡娜9,女,2021,人工智能2102班,人工智能,信息工程学院
20211008,123456,林梅,男,2021,人工智能2102班,人工智能,信息工程学院
20211009,123456,张梅,女,2021,人工智能2102班,人工智能,信息工程学院
20211010,123456,朱强1,男,2021,人工智能2102班,人工智能,信息工程学院
20211011,123456,陈娜,男,2021,人工智能2102班,人工智能,信息工程学院
20211012,123456,王静,男,2021,人工智能2102班,人工智能,信息工程学院
20211013,123456,黄雪,男,2021,人工智能2102班,人工智能,信息工程学院
20211014,123456,张芳8,男,2021,人工智能2102班,人工智能,信息工程学院
20211015,123456,李超,女,2021,人工智能2102班,人工智能,信息工程学院
20211016,123456,罗娜9,女,2021,人工智能2102班,人工智能,信息工程学院
20211017,123456,赵勇,男,2021,人工智能2102班,人工智能,信息工程学院
20211018,123456,胡超,男,2021,人工智能2102班,人工智能,信息工程学院
20211019,123456,徐梅4,男,2021,人工智能2102班,人工智能,信息工程学院
20211020,123456,朱磊,女,2021,人工智能2102班,人工智能,信息工程学院
20211021,123456,陈娜,女,2021,人工智能2103班,人工智能,信息工程学院
20211022,123456,周丽,男,2021,人工智能2103班,人工智能,信息工程学院
20211023,123456,陈磊,女,2021,人工智能2103班,人工智能,信息工程学院
20211024,123456,朱静2,女,2021,人工智能2103班,人工智能,信息工程学院
20211025,123456,赵涛4,男,2021,人工智能2103班,人工智能,信息工程学院
20211026,123456,林军,男,2021,人工智能2103班,人工智能,信息工程学院
20211027,123456,何亮9,男,2021,人工智能2103班,人工智能,信息工程学院
20211028,123456,杨涛5,男,2021,人工智能2103班,人工智能,信息工程学院
20211029,123456,吴琳,男,2021,人工智能2103班,人工智能,信息工程学院
20211030,123456,孙芳,女,2021,人工智能2103班,人工智能,信息工程学院
20211031,123456,朱敏,男,2021,人工智能2103班,人工智能,信息工程学院
20211032,123456,何梅5,男,2021,人工智能2103班,人工智能,信息工程学院
20211033,123456,孙雪,女,2021,人工智能2103班,人工智能,信息工程学院
20211034,123456,黄伟,男,2021,人工智能2103班,人工智能,信息工程学院
20211035,123456,赵丽7,女,2021,人工智能2103班,人工智能,信息工程学院
20211036,123456,徐磊2,男,2021,人工智能2103班,人工智能,信息工程学院
20211037,123456,王燕0,男,2021,人工智能2103班,人工智能,信息工程学院
20211038,123456,罗雪7,男,2021,人工智能2103班,人工智能,信息工程学院
20211039,123456,赵军0,女,2021,人工智能2103班,人工智能,信息工程学院
20211040,123456,陈杰6,男,2021,人工智能2103班,人工智能,信息工程学院
20211041,123456,李伟7,女,2021,人工智能2103班,人工智能,信息工程学院
20211042,123456,胡娜,男,2021,人工智能2103班,人工智能,信息工程学院
20211043,123456,杨琳,女,2021,人工智能2103班,人工智能,信息工程学院
20211044,123456,周娜5,男,2021,人工智能2103班,人工智能,信息工程学院
20211045,123456,马雪8,男,2021,人工智能2103班,人工智能,信息工程学院
20211046,123456,高涛2,女,2021,人工智能2103班,人工智能,信息工程学院
20211047,123456,何琳,男,2021,人工智能2103班,人工智能,信息工程学院
20211048,123456,何亮8,男,2021,人工智能2103班,人工智能,信息工程学院
20211049,123456,黄鹏,男,2021,人工智能2103班,人工智能,信息工程学院
20211050,123456,吴燕2,女,2021,人工智能2103班,人工智能,信息工程学院
20211051,123456,徐静,男,2021,人工智能2104班,人工智能,信息工程学院
20211052,123456,周亮,男,2021,人工智能2104班,人工智能,信息工程学院
20211053,123456,马涛9,女,2021,人工智能2104班,人工智能,信息工程学院
20211054,123456,赵军,女,2021,人工智能2104班,人工智能,信息工程学院
20211055,123456,徐婷,男,2021,人工智能2104班,人工智能,信息工程学院
20211056,123456,马勇,女,2021,人工智能2104班,人工智能,信息工程学院
20211057,123456,林敏,女,2021,人工智能2104班,人工智能,信息工程学院
20211058,123456,黄丽,女,2021,人工智能2104班,人工智能,信息工程学院
20211059,123456,马燕6,男,2021,人工智能2104班,人工智能,信息工程学院
20211060,123456,徐梅,女,2021,人工智能2104班,人工智能,信息工程学院
20211061,123456,胡鹏4,女,2021,人工智能2104班,人工智能,信息工程学院
20211062,123456,张燕2,女,2021,人工智能2104班,人工智能,信息工程学院
20211063,123456,林杰,女,2021,人工智能2104班,人工智能,信息工程学院
20211064,123456,林静2,男,2021,人工智能2104班,人工智能,信息工程学院
20211065,123456,高军0,女,2021,人工智能2104班,人工智能,信息工程学院
20211066,123456,张燕,男,2021,人工智能2104班,人工智能,信息工程学院
20211067,123456,刘琳8,女,2021,人工智能2104班,人工智能,信息工程学院
20211068,123456,郑静,女,2021,人工智能2104班,人工智能,信息工程学院
20211069,123456,刘伟3,男,2021,人工智能2104班,人工智能,信息工程学院
20211070,123456,张亮0,女,2021,人工智能2104班,人工智能,信息工程学院
20211071,123456,朱磊,男,2021,人工智能2104班,人工智能,信息工程学院
20211072,123456,张超5,男,2021,人工智能2104班,人工智能,信息工程学院
20211073,123456,徐勇,女,2021,人工智能2104班,人工智能,信息工程学院
20211074,123456,陈伟2,男,2021,人工智能2104班,人工智能,信息工程学院
20211075,123456,周婷,男,2021,人工智能2104班,人工智能,信息工程学院
20211076,123456,高磊,女,2021,人工智能2104班,人工智能,信息工程学院
20211077,123456,郑燕,女,2021,人工智能2104班,人工智能,信息工程学院
20211078,123456,何鹏0,女,2021,人工智能2104班,人工智能,信息工程学院
20211079,123456,孙婷4,男,2021,人工智能2104班,人工智能,信息工程学院
20211080,123456,刘婷,女,2021,人工智能2104班,人工智能,信息工程学院
20211081,123456,李静,男,2022,人工智能2201班,人工智能,信息工程学院
20211082,123456,何鹏,男,2022,人工智能2201班,人工智能,信息工程学院
20211083,123456,赵敏7,男,2022,人工智能2201班,人工智能,信息工程学院
20211084,123456,马娜5,男,2022,人工智能2201班,人工智能,信息工程学院
20211085,123456,王梅2,男,2022,人工智能2201班,人工智能,信息工程学院
20211086,123456,郑丽9,女,2022,人工智能2201班,人工智能,信息工程学院
20211087,123456,何强,男,2022,人工智能2201班,人工智能,信息工程学院
20211088,123456,王磊,男,2022,人工智能2201班,人工智能,信息工程学院
20211089,123456,王婷,女,2022,人工智能2201班,人工智能,信息工程学院
20211090,123456,刘磊8,女,2022,人工智能2201班,人工智能,信息工程学院
20211091,123456,罗强6,女,2022,人工智能2201班,人工智能,信息工程学院
20211092,123456,李涛1,男,2022,人工智能2201班,人工智能,信息工程学院
20211093,123456,胡梅,女,2022,人工智能2201班,人工智能,信息工程学院
20211094,123456,孙磊5,男,2022,人工智能2201班,人工智能,信息工程学院
20211095,123456,林敏,男,2022,人工智能2201班,人工智能,信息工程学院
20211096,123456,王梅5,女,2022,人工智能2201班,人工智能,信息工程学院
20211097,123456,高亮6,女,2022,人工智能2201班,人工智能,信息工程学院
20211098,123456,郑梅,男,2022,人工智能2201班,人工智能,信息工程学院
20211099,123456,高军4,女,2022,人工智能2201班,人工智能,信息工程学院
20211100,123456,孙磊9,女,2022,人工智能2201班,人工智能,信息工程学院
20211101,123456,张伟0,男,2022,人工智能2201班,人工智能,信息工程学院
20211102,123456,罗杰,男,2022,人工智能2201班,人工智能,信息工程学院
20211103,123456,刘雪1,女,2022,人工智能2201班,人工智能,信息工程学院
20211104,123456,王雪3,男,2022,人工智能2201班,人工智能,信息工程学院
20211105,123456,徐丽,女,2022,人工智能2201班,人工智能,信息工程学院
20211106,123456,赵超0,男,2022,人工智能2201班,人工智能,信息工程学院
20211107,123456,徐磊,女,2022,人工智能2201班,人工智能,信息工程学院
20211108,123456,罗伟,女,2022,人工智能2201班,人工智能,信息工程学院
20211109,123456,黄勇0,男,2022,人工智能2201班,人工智能,信息工程学院
20211110,123456,何超3,男,2022,人工智能2201班,人工智能,信息工程学院
20211111,123456,罗娜7,女,2022,人工智能2202班,人工智能,信息工程学院
20211112,123456,王亮,男,2022,人工智能2202班,人工智能,信息工程学院
20211113,123456,黄军8,女,2022,人工智能2202班,人工智能,信息工程学院
20211114,123456,张勇,男,2022,人工智能2202班,人工智能,信息工程学院
20211115,123456,朱涛6,女,2022,人工智能2202班,人工智能,信息工程学院
20211116,123456,徐燕,男,2022,人工智能2202班,人工智能,信息工程学院
20211117,123456,周强,女,2022,人工智能2202班,人工智能,信息工程学院
20211118,123456,张敏,男,2022,人工智能2202班,人工智能,信息工程学院
20211119,123456,高燕0,女,2022,人工智能2202班,人工智能,信息工程学院
20211120,123456,张丽,女,2022,人工智能2202班,人工智能,信息工程学院
20211121,123456,李涛,男,2022,人工智能2202班,人工智能,信息工程学院
20211122,123456,朱军,女,2022,人工智能2202班,人工智能,信息工程学院
20211123,123456,赵亮,男,2022,人工智能2202班,人工智能,信息工程学院
20211124,123456,刘静,女,2022,人工智能2202班,人工智能,信息工程学院
20211125,123456,胡敏0,女,2022,人工智能2202班,人工智能,信息工程学院
20211126,123456,何军6,男,2022,人工智能2202班,人工智能,信息工程学院
20211127,123456,陈梅7,女,2022,人工智能2202班,人工智能,信息工程学院
20211128,123456,高敏,女,2022,人工智能2202班,人工智能,信息工程学院
20211129,123456,李鹏0,男,2022,人工智能2202班,人工智能,信息工程学院
20211130,123456,罗超5,女,2022,人工智能2202班,人工智能,信息工程学院
20211131,123456,罗亮0,男,2022,人工智能2202班,人工智能,信息工程学院
20211132,123456,徐梅2,男,2022,人工智能2202班,人工智能,信息工程学院
20211133,123456,徐琳,男,2022,人工智能2202班,人工智能,信息工程学院
20211134,123456,罗丽9,男,2022,人工智能2202班,人工智能,信息工程学院
20211135,123456,李强2,男,2022,人工智能2202班,人工智能,信息工程学院
20211136,123456,郑琳,男,2022,人工智能2202班,人工智能,信息工程学院
20211137,123456,陈磊,男,2022,人工智能2202班,人工智能,信息工程学院
20211138,123456,刘静,男,2022,人工智能2202班,人工智能,信息工程学院
20211139,123456,周静0,女,2022,人工智能2202班,人工智能,信息工程学院
20211140,123456,杨军8,男,2022,人工智能2202班,人工智能,信息工程学院
20211141,123456,朱涛,男,2022,人工智能2203班,人工智能,信息工程学院
20211142,123456,赵亮,女,2022,人工智能2203班,人工智能,信息工程学院
20211143,123456,吴军1,女,2022,人工智能2203班,人工智能,信息工程学院
20211144,123456,何亮,女,2022,人工智能2203班,人工智能,信息工程学院
20211145,123456,罗涛,男,2022,人工智能2203班,人工智能,信息工程学院
20211146,123456,黄强,女,2022,人工智能2203班,人工智能,信息工程学院
20211147,123456,张磊0,男,2022,人工智能2203班,人工智能,信息工程学院
20211148,123456,孙涛8,男,2022,人工智能2203班,人工智能,信息工程学院
20211149,123456,刘强6,女,2022,人工智能2203班,人工智能,信息工程学院
20211150,123456,高娜1,女,2022,人工智能2203班,人工智能,信息工程学院
20211151,123456,高亮,女,2022,人工智能2203班,人工智能,信息工程学院
20211152,123456,朱静4,男,2022,人工智能2203班,人工智能,信息工程学院
20211153,123456,杨亮9,男,2022,人工智能2203班,人工智能,信息工程学院
20211154,123456,李敏,女,2022,人工智能2203班,人工智能,信息工程学院
20211155,123456,孙敏,男,2022,人工智能2203班,人工智能,信息工程学院
20211156,123456,赵伟5,男,2022,人工智能2203班,人工智能,信息工程学院
20211157,123456,刘燕,男,2022,人工智能2203班,人工智能,信息工程学院
20211158,123456,徐芳1,女,2022,人工智能2203班,人工智能,信息工程学院
20211159,123456,孙雪,女,2022,人工智能2203班,人工智能,信息工程学院
20211160,123456,李静,女,2022,人工智能2203班,人工智能,信息工程学院
20211161,123456,徐伟,女,2022,人工智能2203班,人工智能,信息工程学院
20211162,123456,朱强,男,2022,人工智能2203班,人工智能,信息工程学院
20211163,123456,高鹏,男,2022,人工智能2203班,人工智能,信息工程学院
20211164,123456,刘琳1,男,2022,人工智能2203班,人工智能,信息工程学院
20211165,123456,朱雪,女,2022,人工智能2203班,人工智能,信息工程学院
20211166,123456,赵勇7,女,2022,人工智能2203班,人工智能,信息工程学院
20211167,123456,徐超,女,2022,人工智能2203班,人工智能,信息工程学院
20211168,123456,高超,女,2022,人工智能2203班,人工智能,信息工程学院
20211169,123456,杨伟4,女,2022,人工智能2203班,人工智能,信息工程学院
20211170,123456,朱涛3,女,2022,人工智能2203班,人工智能,信息工程学院
20211171,123456,张梅4,男,2022,人工智能2204班,人工智能,信息工程学院
20211172,123456,郑雪1,女,2022,人工智能2204班,人工智能,信息工程学院
20211173,123456,王超,女,2022,人工智能2204班,人工智能,信息工程学院
20211174,123456,周婷,女,2022,人工智能2204班,人工智能,信息工程学院
20211175,123456,郑静4,女,2022,人工智能2204班,人工智能,信息工程学院
20211176,123456,徐琳0,女,2022,人工智能2204班,人工智能,信息工程学院
20211177,123456,高军2,女,2022,人工智能2204班,人工智能,信息工程学院
20211178,123456,周娜,男,2022,人工智能2204班,人工智能,信息工程学院
20211179,123456,刘磊5,男,2022,人工智能2204班,人工智能,信息工程学院
20211180,123456,李亮,女,2022,人工智能2204班,人工智能,信息工程学院
20211181,123456,李婷3,女,2022,人工智能2204班,人工智能,信息工程学院
20211182,123456,胡静2,男,2022,人工智能2204班,人工智能,信息工程学院
20211183,123456,何丽,男,2022,人工智能2204班,人工智能,信息工程学院
20211184,123456,杨燕3,男,2022,人工智能2204班,人工智能,信息工程学院
20211185,123456,陈燕,男,2022,人工智能2204班,人工智能,信息工程学院
20211186,123456,杨超,男,2022,人工智能2204班,人工智能,信息工程学院
20211187,123456,朱琳,女,2022,人工智能2204班,人工智能,信息工程学院
20211188,123456,王娜,男,2022,人工智能2204班,人工智能,信息工程学院
20211189,123456,吴雪4,男,2022,人工智能2204班,人工智能,信息工程学院
20211190,123456,李芳2,女,2022,人工智能2204班,人工智能,信息工程学院
20211191,123456,朱强,女,2022,人工智能2204班,人工智能,信息工程学院
20211192,123456,林强,男,2022,人工智能2204班,人工智能,信息工程学院
20211193,123456,罗雪,女,2022,人工智能2204班,人工智能,信息工程学院
20211194,123456,周雪7,男,2022,人工智能2204班,人工智能,信息工程学院
20211195,123456,陈勇2,男,2022,人工智能2204班,人工智能,信息工程学院
20211196,123456,胡芳8,女,2022,人工智能2204班,人工智能,信息工程学院
20211197,123456,王雪8,男,2022,人工智能2204班,人工智能,信息工程学院
20211198,123456,周静,女,2022,人工智能2204班,人工智能,信息工程学院
20211199,123456,杨鹏,男,2022,人工智能2204班,人工智能,信息工程学院
20211200,123456,何杰,女,2022,人工智能2204班,人工智能,信息工程学院
20211201,123456,马勇2,女,2023,人工智能2301班,人工智能,信息工程学院
20211202,123456,李芳,男,2023,人工智能2301班,人工智能,信息工程学院
20211203,123456,赵强,男,2023,人工智能2301班,人工智能,信息工程学院
20211204,123456,何伟,男,2023,人工智能2301班,人工智能,信息工程学院
20211205,123456,孙鹏4,男,2023,人工智能2301班,人工智能,信息工程学院
20211206,123456,刘梅,男,2023,人工智能2301班,人工智能,信息工程学院
20211207,123456,黄静,女,2023,人工智能2301班,人工智能,信息工程学院
20211208,123456,郑娜6,男,2023,人工智能2301班,人工智能,信息工程学院
20211209,123456,吴燕5,男,2023,人工智能2301班,人工智能,信息工程学院
20211210,123456,刘梅,男,2023,人工智能2301班,人工智能,信息工程学院
20211211,123456,朱燕,男,2023,人工智能2301班,人工智能,信息工程学院
20211212,123456,吴敏,女,2023,人工智能2301班,人工智能,信息工程学院
20211213,123456,王强,男,2023,人工智能2301班,人工智能,信息工程学院
20211214,123456,李亮,女,2023,人工智能2301班,人工智能,信息工程学院
20211215,123456,吴琳,女,2023,人工智能2301班,人工智能,信息工程学院
20211216,123456,胡燕,女,2023,人工智能2301班,人工智能,信息工程学院
20211217,123456,陈超2,女,2023,人工智能2301班,人工智能,信息工程学院
20211218,123456,李军6,男,2023,人工智能2301班,人工智能,信息工程学院
20211219,123456,吴婷,女,2023,人工智能2301班,人工智能,信息工程学院
20211220,123456,刘涛,女,2023,人工智能2301班,人工智能,信息工程学院
20211221,123456,陈婷,男,2023,人工智能2301班,人工智能,信息工程学院
20211222,123456,林勇,男,2023,人工智能2301班,人工智能,信息工程学院
20211223,123456,张超5,男,2023,人工智能2301班,人工智能,信息工程学院
20211224,123456,杨伟,女,2023,人工智能2301班,人工智能,信息工程学院
20211225,123456,杨磊,男,2023,人工智能2301班,人工智能,信息工程学院
20211226,123456,胡静0,女,2023,人工智能2301班,人工智能,信息工程学院
20211227,123456,周雪4,女,2023,人工智能2301班,人工智能,信息工程学院
20211228,123456,李涛6,男,2023,人工智能2301班,人工智能,信息工程学院
20211229,123456,胡琳9,男,2023,人工智能2301班,人工智能,信息工程学院
20211230,123456,郑杰9,女,2023,人工智能2301班,人工智能,信息工程学院
20211231,123456,马超6,女,2023,人工智能2302班,人工智能,信息工程学院
20211232,123456,王强,女,2023,人工智能2302班,人工智能,信息工程学院
20211233,123456,马婷2,男,2023,人工智能2302班,人工智能,信息工程学院
20211234,123456,朱芳4,男,2023,人工智能2302班,人工智能,信息工程学院
20211235,123456,孙鹏4,女,2023,人工智能2302班,人工智能,信息工程学院
20211236,123456,杨杰,男,2023,人工智能2302班,人工智能,信息工程学院
20211237,123456,罗勇8,男,2023,人工智能2302班,人工智能,信息工程学院
20211238,123456,徐燕,男,2023,人工智能2302班,人工智能,信息工程学院
20211239,123456,黄亮,女,2023,人工智能2302班,人工智能,信息工程学院
20211240,123456,马杰1,女,2023,人工智能2302班,人工智能,信息工程学院
20211241,123456,李鹏0,男,2023,人工智能2302班,人工智能,信息工程学院
20211242,123456,赵勇0,男,2023,人工智能2302班,人工智能,信息工程学院
20211243,123456,徐敏,女,2023,人工智能2302班,人工智能,信息工程学院
20211244,123456,郑芳7,女,2023,人工智能2302班,人工智能,信息工程学院
20211245,123456,马静,女,2023,人工智能2302班,人工智能,信息工程学院
20211246,123456,赵超,女,2023,人工智能2302班,人工智能,信息工程学院
20211247,123456,胡静9,女,2023,人工智能2302班,人工智能,信息工程学院
20211248,123456,陈磊,男,2023,人工智能2302班,人工智能,信息工程学院
20211249,123456,李鹏5,男,2023,人工智能2302班,人工智能,信息工程学院
20211250,123456,林强9,女,2023,人工智能2302班,人工智能,信息工程学院
20211251,123456,郑杰,女,2023,人工智能2302班,人工智能,信息工程学院
20211252,123456,杨伟1,女,2023,人工智能2302班,人工智能,信息工程学院
20211253,123456,吴婷,女,2023,人工智能2302班,人工智能,信息工程学院
20211254,123456,周琳8,女,2023,人工智能2302班,人工智能,信息工程学院
20211255,123456,杨强,女,2023,人工智能2302班,人工智能,信息工程学院
20211256,123456,马强,女,2023,人工智能2302班,人工智能,信息工程学院
20211257,123456,杨勇7,女,2023,人工智能2302班,人工智能,信息工程学院
20211258,123456,朱军4,男,2023,人工智能2302班,人工智能,信息工程学院
20211259,123456,朱伟1,男,2023,人工智能2302班,人工智能,信息工程学院
20211260,123456,胡杰,男,2023,人工智能2302班,人工智能,信息工程学院
20211261,123456,何雪8,女,2023,人工智能2303班,人工智能,信息工程学院
20211262,123456,林鹏,女,2023,人工智能2303班,人工智能,信息工程学院
20211263,123456,刘勇9,男,2023,人工智能2303班,人工智能,信息工程学院
20211264,123456,黄鹏9,女,2023,人工智能2303班,人工智能,信息工程学院
20211265,123456,杨涛9,男,2023,人工智能2303班,人工智能,信息工程学院
20211266,123456,郑涛,男,2023,人工智能2303班,人工智能,信息工程学院
20211267,123456,吴涛7,男,2023,人工智能2303班,人工智能,信息工程学院
20211268,123456,胡娜,女,2023,人工智能2303班,人工智能,信息工程学院
20211269,123456,李雪2,男,2023,人工智能2303班,人工智能,信息工程学院
20211270,123456,徐芳,女,2023,人工智能2303班,人工智能,信息工程学院
20211271,123456,马敏,女,2023,人工智能2303班,人工智能,信息工程学院
20211272,123456,何军,男,2023,人工智能2303班,人工智能,信息工程学院
20211273,123456,吴丽7,女,2023,人工智能2303班,人工智能,信息工程学院
20211274,123456,高丽8,男,2023,人工智能2303班,人工智能,信息工程学院
20211275,123456,何燕0,女,2023,人工智能2303班,人工智能,信息工程学院
20211276,123456,王琳2,女,2023,人工智能2303班,人工智能,信息工程学院
20211277,123456,陈敏,女,2023,人工智能2303班,人工智能,信息工程学院
20211278,123456,张敏6,男,2023,人工智能2303班,人工智能,信息工程学院
20211279,123456,吴军9,女,2023,人工智能2303班,人工智能,信息工程学院
20211280,123456,孙伟5,男,2023,人工智能2303班,人工智能,信息工程学院
20211281,123456,孙磊,女,2023,人工智能2303班,人工智能,信息工程学院
20211282,123456,郑强8,男,2023,人工智能2303班,人工智能,信息工程学院
20211283,123456,黄敏,女,2023,人工智能2303班,人工智能,信息工程学院
20211284,123456,李琳,女,2023,人工智能2303班,人工智能,信息工程学院
20211285,123456,刘燕8,女,2023,人工智能2303班,人工智能,信息工程学院
20211286,123456,黄杰5,男,2023,人工智能2303班,人工智能,信息工程学院
20211287,123456,胡燕6,女,2023,人工智能2303班,人工智能,信息工程学院
20211288,123456,罗梅,男,2023,人工智能2303班,人工智能,信息工程学院
20211289,123456,罗娜6,男,2023,人工智能2303班,人工智能,信息工程学院
20211290,123456,胡芳,男,2023,人工智能2303班,人工智能,信息工程学院
20211291,123456,张琳,男,2023,人工智能2304班,人工智能,信息工程学院
20211292,123456,刘军,女,2023,人工智能2304班,人工智能,信息工程学院
20211293,123456,马琳,男,2023,人工智能2304班,人工智能,信息工程学院
20211294,123456,周鹏5,女,2023,人工智能2304班,人工智能,信息工程学院
20211295,123456,周鹏,男,2023,人工智能2304班,人工智能,信息工程学院
20211296,123456,徐涛4,男,2023,人工智能2304班,人工智能,信息工程学院
20211297,123456,徐军1,男,2023,人工智能2304班,人工智能,信息工程学院
20211298,123456,高军,女,2023,人工智能2304班,人工智能,信息工程学院
20211299,123456,林雪,女,2023,人工智能2304班,人工智能,信息工程学院
20211300,123456,杨伟1,女,2023,人工智能2304班,人工智能,信息工程学院
20211301,123456,黄雪,男,2023,人工智能2304班,人工智能,信息工程学院
20211302,123456,李娜7,女,2023,人工智能2304班,人工智能,信息工程学院
20211303,123456,罗超,女,2023,人工智能2304班,人工智能,信息工程学院
20211304,123456,孙磊,男,2023,人工智能2304班,人工智能,信息工程学院
20211305,123456,孙芳3,男,2023,人工智能2304班,人工智能,信息工程学院
20211306,123456,胡梅1,男,2023,人工智能2304班,人工智能,信息工程学院
20211307,123456,何燕6,女,2023,人工智能2304班,人工智能,信息工程学院
20211308,123456,朱涛9,女,2023,人工智能2304班,人工智能,信息工程学院
20211309,123456,罗敏,男,2023,人工智能2304班,人工智能,信息工程学院
20211310,123456,周婷,女,2023,人工智能2304班,人工智能,信息工程学院
20211311,123456,胡磊,男,2023,人工智能2304班,人工智能,信息工程学院
20211312,123456,黄勇3,男,2023,人工智能2304班,人工智能,信息工程学院
20211313,123456,徐鹏,男,2023,人工智能2304班,人工智能,信息工程学院
20211314,123456,何伟7,女,2023,人工智能2304班,人工智能,信息工程学院
20211315,123456,朱敏7,女,2023,人工智能2304班,人工智能,信息工程学院
20211316,123456,赵涛7,男,2023,人工智能2304班,人工智能,信息工程学院
20211317,123456,高亮4,女,2023,人工智能2304班,人工智能,信息工程学院
20211318,123456,高亮1,男,2023,人工智能2304班,人工智能,信息工程学院
20211319,123456,李芳,男,2023,人工智能2304班,人工智能,信息工程学院
20211320,123456,林杰,男,2023,人工智能2304班,人工智能,信息工程学院
20211321,123456,何亮,女,2024,人工智能2401班,人工智能,信息工程学院
20211322,123456,赵静1,男,2024,人工智能2401班,人工智能,信息工程学院
20211323,123456,何伟6,男,2024,人工智能2401班,人工智能,信息工程学院
20211324,123456,李雪3,男,2024,人工智能2401班,人工智能,信息工程学院
20211325,123456,孙鹏,女,2024,人工智能2401班,人工智能,信息工程学院
20211326,123456,徐婷,男,2024,人工智能2401班,人工智能,信息工程学院
20211327,123456,郑超,女,2024,人工智能2401班,人工智能,信息工程学院
20211328,123456,郑婷3,女,2024,人工智能2401班,人工智能,信息工程学院
20211329,123456,王雪9,女,2024,人工智能2401班,人工智能,信息工程学院
20211330,123456,杨敏,男,2024,人工智能2401班,人工智能,信息工程学院
20211331,123456,黄雪8,男,2024,人工智能2401班,人工智能,信息工程学院
20211332,123456,刘强,男,2024,人工智能2401班,人工智能,信息工程学院
20211333,123456,周雪,男,2024,人工智能2401班,人工智能,信息工程学院
20211334,123456,陈军,男,2024,人工智能2401班,人工智能,信息工程学院
20211335,123456,刘敏5,男,2024,人工智能2401班,人工智能,信息工程学院
20211336,123456,吴涛1,男,2024,人工智能2401班,人工智能,信息工程学院
20211337,123456,高亮8,女,2024,人工智能2401班,人工智能,信息工程学院
20211338,123456,黄娜,女,2024,人工智能2401班,人工智能,信息工程学院
20211339,123456,黄杰,男,2024,人工智能2401班,人工智能,信息工程学院
20211340,123456,朱磊8,女,2024,人工智能2401班,人工智能,信息工程学院
20211341,123456,王伟6,男,2024,人工智能2401班,人工智能,信息工程学院
20211342,123456,陈丽,男,2024,人工智能2401班,人工智能,信息工程学院
20211343,123456,郑杰6,女,2024,人工智能2401班,人工智能,信息工程学院
20211344,123456,黄杰0,男,2024,人工智能2401班,人工智能,信息工程学院
20211345,123456,周亮4,男,2024,人工智能2401班,人工智能,信息工程学院
20211346,123456,徐芳,女,2024,人工智能2401班,人工智能,信息工程学院
20211347,123456,杨军4,男,2024,人工智能2401班,人工智能,信息工程学院
20211348,123456,黄强,男,2024,人工智能2401班,人工智能,信息工程学院
20211349,123456,胡丽2,男,2024,人工智能2401班,人工智能,信息工程学院
20211350,123456,朱梅1,女,2024,人工智能2401班,人工智能,信息工程学院
20211351,123456,何杰6,男,2024,人工智能2402班,人工智能,信息工程学院
20211352,123456,陈燕,女,2024,人工智能2402班,人工智能,信息工程学院
20211353,123456,周静8,男,2024,人工智能2402班,人工智能,信息工程学院
20211354,123456,周婷,男,2024,人工智能2402班,人工智能,信息工程学院
20211355,123456,王芳3,男,2024,人工智能2402班,人工智能,信息工程学院
20211356,123456,黄敏9,男,2024,人工智能2402班,人工智能,信息工程学院
20211357,123456,郑静6,男,2024,人工智能2402班,人工智能,信息工程学院
20211358,123456,黄雪,男,2024,人工智能2402班,人工智能,信息工程学院
20211359,123456,吴丽9,女,2024,人工智能2402班,人工智能,信息工程学院
20211360,123456,孙杰0,女,2024,人工智能2402班,人工智能,信息工程学院
20211361,123456,朱燕,男,2024,人工智能2402班,人工智能,信息工程学院
20211362,123456,李雪6,男,2024,人工智能2402班,人工智能,信息工程学院
20211363,123456,刘梅,男,2024,人工智能2402班,人工智能,信息工程学院
20211364,123456,林静,男,2024,人工智能2402班,人工智能,信息工程学院
20211365,123456,吴勇6,女,2024,人工智能2402班,人工智能,信息工程学院
20211366,123456,罗芳,男,2024,人工智能2402班,人工智能,信息工程学院
20211367,123456,陈超7,女,2024,人工智能2402班,人工智能,信息工程学院
20211368,123456,何婷,男,2024,人工智能2402班,人工智能,信息工程学院
20211369,123456,林勇,女,2024,人工智能2402班,人工智能,信息工程学院
20211370,123456,郑雪4,女,2024,人工智能2402班,人工智能,信息工程学院
20211371,123456,高涛,女,2024,人工智能2402班,人工智能,信息工程学院
20211372,123456,胡亮0,女,2024,人工智能2402班,人工智能,信息工程学院
20211373,123456,杨磊4,男,2024,人工智能2402班,人工智能,信息工程学院
20211374,123456,马雪,女,2024,人工智能2402班,人工智能,信息工程学院
20211375,123456,周亮7,男,2024,人工智能2402班,人工智能,信息工程学院
20211376,123456,孙雪4,女,2024,人工智能2402班,人工智能,信息工程学院
20211377,123456,何强,男,2024,人工智能2402班,人工智能,信息工程学院
20211378,123456,李强0,男,2024,人工智能2402班,人工智能,信息工程学院
20211379,123456,李燕,女,2024,人工智能2402班,人工智能,信息工程学院
20211380,123456,吴雪,女,2024,人工智能2402班,人工智能,信息工程学院
20211381,123456,李伟0,男,2024,人工智能2403班,人工智能,信息工程学院
20211382,123456,高娜8,女,2024,人工智能2403班,人工智能,信息工程学院
20211383,123456,郑杰7,女,2024,人工智能2403班,人工智能,信息工程学院
20211384,123456,马静,男,2024,人工智能2403班,人工智能,信息工程学院
20211385,123456,杨杰,男,2024,人工智能2403班,人工智能,信息工程学院
20211386,123456,孙磊,女,2024,人工智能2403班,人工智能,信息工程学院
20211387,123456,赵敏,男,2024,人工智能2403班,人工智能,信息工程学院
20211388,123456,朱伟0,女,2024,人工智能2403班,人工智能,信息工程学院
20211389,123456,黄杰,女,2024,人工智能2403班,人工智能,信息工程学院
20211390,123456,林超,女,2024,人工智能2403班,人工智能,信息工程学院
20211391,123456,王婷4,男,2024,人工智能2403班,人工智能,信息工程学院
20211392,123456,高琳2,男,2024,人工智能2403班,人工智能,信息工程学院
20211393,123456,杨涛,男,2024,人工智能2403班,人工智能,信息工程学院
20211394,123456,杨磊,男,2024,人工智能2403班,人工智能,信息工程学院
20211395,123456,周娜,女,2024,人工智能2403班,人工智能,信息工程学院
20211396,123456,黄燕9,女,2024,人工智能2403班,人工智能,信息工程学院
20211397,123456,陈敏,男,2024,人工智能2403班,人工智能,信息工程学院
20211398,123456,罗超,女,2024,人工智能2403班,人工智能,信息工程学院
20211399,123456,杨超,女,2024,人工智能2403班,人工智能,信息工程学院
20211400,123456,赵亮,女,2024,人工智能2403班,人工智能,信息工程学院
20211401,123456,高亮,男,2024,人工智能2403班,人工智能,信息工程学院
20211402,123456,赵静,男,2024,人工智能2403班,人工智能,信息工程学院
20211403,123456,陈琳0,男,2024,人工智能2403班,人工智能,信息工程学院
20211404,123456,陈亮2,男,2024,人工智能2403班,人工智能,信息工程学院
20211405,123456,张鹏,女,2024,人工智能2403班,人工智能,信息工程学院
20211406,123456,杨军1,男,2024,人工智能2403班,人工智能,信息工程学院
20211407,123456,徐强,女,2024,人工智能2403班,人工智能,信息工程学院
20211408,123456,黄勇,女,2024,人工智能2403班,人工智能,信息工程学院
20211409,123456,孙芳4,男,2024,人工智能2403班,人工智能,信息工程学院
20211410,123456,陈雪2,女,2024,人工智能2403班,人工智能,信息工程学院
20211411,123456,赵鹏,女,2024,人工智能2404班,人工智能,信息工程学院
20211412,123456,张敏,男,2024,人工智能2404班,人工智能,信息工程学院
20211413,123456,何涛,女,2024,人工智能2404班,人工智能,信息工程学院
20211414,123456,郑鹏,男,2024,人工智能2404班,人工智能,信息工程学院
20211415,123456,赵磊,男,2024,人工智能2404班,人工智能,信息工程学院
20211416,123456,李静1,女,2024,人工智能2404班,人工智能,信息工程学院
20211417,123456,孙燕4,男,2024,人工智能2404班,人工智能,信息工程学院
20211418,123456,徐娜,男,2024,人工智能2404班,人工智能,信息工程学院
20211419,123456,张勇,女,2024,人工智能2404班,人工智能,信息工程学院
20211420,123456,林雪,女,2024,人工智能2404班,人工智能,信息工程学院
20211421,123456,张婷,男,2024,人工智能2404班,人工智能,信息工程学院
20211422,123456,刘燕,女,2024,人工智能2404班,人工智能,信息工程学院
20211423,123456,罗芳,男,2024,人工智能2404班,人工智能,信息工程学院
20211424,123456,高静3,男,2024,人工智能2404班,人工智能,信息工程学院
20211425,123456,张芳,女,2024,人工智能2404班,人工智能,信息工程学院
20211426,123456,刘超4,女,2024,人工智能2404班,人工智能,信息工程学院
20211427,123456,林亮,女,2024,人工智能2404班,人工智能,信息工程学院
20211428,123456,林婷6,女,2024,人工智能2404班,人工智能,信息工程学院
20211429,123456,胡强,女,2024,人工智能2404班,人工智能,信息工程学院
20211430,123456,孙伟8,女,2024,人工智能2404班,人工智能,信息工程学院
20211431,123456,赵强6,男,2024,人工智能2404班,人工智能,信息工程学院
20211432,123456,李勇4,男,2024,人工智能2404班,人工智能,信息工程学院
20211433,123456,刘鹏6,男,2024,人工智能2404班,人工智能,信息工程学院
20211434,123456,马强4,男,2024,人工智能2404班,人工智能,信息工程学院
20211435,123456,吴超,男,2024,人工智能2404班,人工智能,信息工程学院
20211436,123456,郑涛1,男,2024,人工智能2404班,人工智能,信息工程学院
20211437,123456,吴婷,女,2024,人工智能2404班,人工智能,信息工程学院
20211438,123456,高军,女,2024,人工智能2404班,人工智能,信息工程学院
20211439,123456,徐鹏0,女,2024,人工智能2404班,人工智能,信息工程学院
20211440,123456,黄敏,男,2024,人工智能2404班,人工智能,信息工程学院
20211441,123456,林琳9,男,2021,数据科学2101班,数据科学,信息工程学院
20211442,123456,孙磊,女,2021,数据科学2101班,数据科学,信息工程学院
20211443,123456,张强7,女,2021,数据科学2101班,数据科学,信息工程学院
20211444,123456,刘伟,女,2021,数据科学2101班,数据科学,信息工程学院
20211445,123456,赵军,女,2021,数据科学2101班,数据科学,信息工程学院
20211446,123456,吴鹏,女,2021,数据科学2101班,数据科学,信息工程学院
20211447,123456,刘鹏,女,2021,数据科学2101班,数据科学,信息工程学院
20211448,123456,吴雪1,男,2021,数据科学2101班,数据科学,信息工程学院
20211449,123456,陈杰0,男,2021,数据科学2101班,数据科学,信息工程学院
20211450,123456,刘强3,男,2021,数据科学2101班,数据科学,信息工程学院
20211451,123456,孙磊4,男,2021,数据科学2101班,数据科学,信息工程学院
20211452,123456,吴亮0,女,2021,数据科学2101班,数据科学,信息工程学院
20211453,123456,孙鹏,女,2021,数据科学2101班,数据科学,信息工程学院
20211454,123456,赵杰1,男,2021,数据科学2101班,数据科学,信息工程学院
20211455,123456,孙杰,女,2021,数据科学2101班,数据科学,信息工程学院
20211456,123456,马梅,男,2021,数据科学2101班,数据科学,信息工程学院
20211457,123456,何强,女,2021,数据科学2101班,数据科学,信息工程学院
20211458,123456,何娜,男,2021,数据科学2101班,数据科学,信息工程学院
20211459,123456,何杰7,女,2021,数据科学2101班,数据科学,信息工程学院
20211460,123456,孙敏6,女,2021,数据科学2101班,数据科学,信息工程学院
20211461,123456,刘磊5,女,2021,数据科学2101班,数据科学,信息工程学院
20211462,123456,李静0,女,2021,数据科学2101班,数据科学,信息工程学院
20211463,123456,刘梅5,男,2021,数据科学2101班,数据科学,信息工程学院
20211464,123456,孙婷,男,2021,数据科学2101班,数据科学,信息工程学院
20211465,123456,何强7,女,2021,数据科学2101班,数据科学,信息工程学院
20211466,123456,高强5,男,2021,数据科学2101班,数据科学,信息工程学院
20211467,123456,王亮,男,2021,数据科学2101班,数据科学,信息工程学院
20211468,123456,王敏6,女,2021,数据科学2101班,数据科学,信息工程学院
20211469,123456,林琳0,男,2021,数据科学2101班,数据科学,信息工程学院
20211470,123456,张芳6,男,2021,数据科学2101班,数据科学,信息工程学院
20211471,123456,郑梅,男,2021,数据科学2102班,数据科学,信息工程学院
20211472,123456,罗静,男,2021,数据科学2102班,数据科学,信息工程学院
20211473,123456,黄燕,男,2021,数据科学2102班,数据科学,信息工程学院
20211474,123456,杨强,女,2021,数据科学2102班,数据科学,信息工程学院
20211475,123456,黄军,男,2021,数据科学2102班,数据科学,信息工程学院
20211476,123456,何强,女,2021,数据科学2102班,数据科学,信息工程学院
20211477,123456,刘杰,女,2021,数据科学2102班,数据科学,信息工程学院
20211478,123456,林军,男,2021,数据科学2102班,数据科学,信息工程学院
20211479,123456,周丽9,女,2021,数据科学2102班,数据科学,信息工程学院
20211480,123456,陈娜9,女,2021,数据科学2102班,数据科学,信息工程学院
20211481,123456,高强,女,2021,数据科学2102班,数据科学,信息工程学院
20211482,123456,朱梅8,男,2021,数据科学2102班,数据科学,信息工程学院
20211483,123456,杨强9,女,2021,数据科学2102班,数据科学,信息工程学院
20211484,123456,李军3,男,2021,数据科学2102班,数据科学,信息工程学院
20211485,123456,周敏,女,2021,数据科学2102班,数据科学,信息工程学院
20211486,123456,李伟,男,2021,数据科学2102班,数据科学,信息工程学院
20211487,123456,陈芳2,男,2021,数据科学2102班,数据科学,信息工程学院
20211488,123456,杨娜,男,2021,数据科学2102班,数据科学,信息工程学院
20211489,123456,刘雪,男,2021,数据科学2102班,数据科学,信息工程学院
20211490,123456,李娜4,女,2021,数据科学2102班,数据科学,信息工程学院
20211491,123456,何涛3,男,2021,数据科学2102班,数据科学,信息工程学院
20211492,123456,李丽1,女,2021,数据科学2102班,数据科学,信息工程学院
20211493,123456,罗琳,男,2021,数据科学2102班,数据科学,信息工程学院
20211494,123456,朱军,女,2021,数据科学2102班,数据科学,信息工程学院
20211495,123456,马军,男,2021,数据科学2102班,数据科学,信息工程学院
20211496,123456,李芳3,男,2021,数据科学2102班,数据科学,信息工程学院
20211497,123456,郑鹏,男,2021,数据科学2102班,数据科学,信息工程学院
20211498,123456,李军,女,2021,数据科学2102班,数据科学,信息工程学院
20211499,123456,林婷1,女,2021,数据科学2102班,数据科学,信息工程学院
20211500,123456,徐琳1,男,2021,数据科学2102班,数据科学,信息工程学院
20211501,123456,何芳8,女,2021,数据科学2103班,数据科学,信息工程学院
20211502,123456,郑芳8,男,2021,数据科学2103班,数据科学,信息工程学院
20211503,123456,郑敏,女,2021,数据科学2103班,数据科学,信息工程学院
20211504,123456,郑磊,男,2021,数据科学2103班,数据科学,信息工程学院
20211505,123456,林军0,男,2021,数据科学2103班,数据科学,信息工程学院
20211506,123456,赵伟,女,2021,数据科学2103班,数据科学,信息工程学院
20211507,123456,刘亮,男,2021,数据科学2103班,数据科学,信息工程学院
20211508,123456,徐娜1,女,2021,数据科学2103班,数据科学,信息工程学院
20211509,123456,胡娜,男,2021,数据科学2103班,数据科学,信息工程学院
20211510,123456,刘婷,女,2021,数据科学2103班,数据科学,信息工程学院
20211511,123456,郑琳,女,2021,数据科学2103班,数据科学,信息工程学院
20211512,123456,马勇,男,2021,数据科学2103班,数据科学,信息工程学院
20211513,123456,李婷,男,2021,数据科学2103班,数据科学,信息工程学院
20211514,123456,马梅,男,2021,数据科学2103班,数据科学,信息工程学院
20211515,123456,陈强9,女,2021,数据科学2103班,数据科学,信息工程学院
20211516,123456,马琳,女,2021,数据科学2103班,数据科学,信息工程学院
20211517,123456,郑鹏6,男,2021,数据科学2103班,数据科学,信息工程学院
20211518,123456,张鹏,女,2021,数据科学2103班,数据科学,信息工程学院
20211519,123456,何芳6,女,2021,数据科学2103班,数据科学,信息工程学院
20211520,123456,赵鹏,女,2021,数据科学2103班,数据科学,信息工程学院
20211521,123456,杨雪0,女,2021,数据科学2103班,数据科学,信息工程学院
20211522,123456,高琳6,男,2021,数据科学2103班,数据科学,信息工程学院
20211523,123456,徐琳4,女,2021,数据科学2103班,数据科学,信息工程学院
20211524,123456,马娜,女,2021,数据科学2103班,数据科学,信息工程学院
20211525,123456,罗婷0,女,2021,数据科学2103班,数据科学,信息工程学院
20211526,123456,罗勇,女,2021,数据科学2103班,数据科学,信息工程学院
20211527,123456,罗超4,男,2021,数据科学2103班,数据科学,信息工程学院
20211528,123456,刘敏,女,2021,数据科学2103班,数据科学,信息工程学院
20211529,123456,吴军8,男,2021,数据科学2103班,数据科学,信息工程学院
20211530,123456,孙娜,男,2021,数据科学2103班,数据科学,信息工程学院
20211531,123456,张鹏9,女,2021,数据科学2104班,数据科学,信息工程学院
20211532,123456,朱婷,男,2021,数据科学2104班,数据科学,信息工程学院
20211533,123456,朱超2,男,2021,数据科学2104班,数据科学,信息工程学院
20211534,123456,吴勇,男,2021,数据科学2104班,数据科学,信息工程学院
20211535,123456,高芳,女,2021,数据科学2104班,数据科学,信息工程学院
20211536,123456,郑婷2,女,2021,数据科学2104班,数据科学,信息工程学院
20211537,123456,李丽,女,2021,数据科学2104班,数据科学,信息工程学院
20211538,123456,林梅7,男,2021,数据科学2104班,数据科学,信息工程学院
20211539,123456,吴丽,女,2021,数据科学2104班,数据科学,信息工程学院
20211540,123456,张静9,女,2021,数据科学2104班,数据科学,信息工程学院
20211541,123456,林梅5,女,2021,数据科学2104班,数据科学,信息工程学院
20211542,123456,徐伟4,女,2021,数据科学2104班,数据科学,信息工程学院
20211543,123456,胡勇7,男,2021,数据科学2104班,数据科学,信息工程学院
20211544,123456,吴婷4,男,2021,数据科学2104班,数据科学,信息工程学院
20211545,123456,何亮,男,2021,数据科学2104班,数据科学,信息工程学院
20211546,123456,马勇,男,2021,数据科学2104班,数据科学,信息工程学院
20211547,123456,陈杰,男,2021,数据科学2104班,数据科学,信息工程学院
20211548,123456,赵勇,男,2021,数据科学2104班,数据科学,信息工程学院
20211549,123456,林丽,女,2021,数据科学2104班,数据科学,信息工程学院
20211550,123456,杨军7,女,2021,数据科学2104班,数据科学,信息工程学院
20211551,123456,胡涛,男,2021,数据科学2104班,数据科学,信息工程学院
20211552,123456,刘燕,女,2021,数据科学2104班,数据科学,信息工程学院
20211553,123456,林超,女,2021,数据科学2104班,数据科学,信息工程学院
20211554,123456,李娜7,男,2021,数据科学2104班,数据科学,信息工程学院
20211555,123456,张琳4,女,2021,数据科学2104班,数据科学,信息工程学院
20211556,123456,高涛,女,2021,数据科学2104班,数据科学,信息工程学院
20211557,123456,高静1,女,2021,数据科学2104班,数据科学,信息工程学院
20211558,123456,周梅3,男,2021,数据科学2104班,数据科学,信息工程学院
20211559,123456,高强,男,2021,数据科学2104班,数据科学,信息工程学院
20211560,123456,朱军,男,2021,数据科学2104班,数据科学,信息工程学院
20211561,123456,高梅8,男,2022,数据科学2201班,数据科学,信息工程学院
20211562,123456,杨娜,女,2022,数据科学2201班,数据科学,信息工程学院
20211563,123456,赵伟5,男,2022,数据科学2201班,数据科学,信息工程学院
20211564,123456,林芳,女,2022,数据科学2201班,数据科学,信息工程学院
20211565,123456,何强3,女,2022,数据科学2201班,数据科学,信息工程学院
20211566,123456,徐磊,男,2022,数据科学2201班,数据科学,信息工程学院
20211567,123456,李敏,男,2022,数据科学2201班,数据科学,信息工程学院
20211568,123456,陈鹏5,女,2022,数据科学2201班,数据科学,信息工程学院
20211569,123456,刘娜,男,2022,数据科学2201班,数据科学,信息工程学院
20211570,123456,杨敏5,男,2022,数据科学2201班,数据科学,信息工程学院
20211571,123456,周梅7,男,2022,数据科学2201班,数据科学,信息工程学院
20211572,123456,刘梅3,男,2022,数据科学2201班,数据科学,信息工程学院
20211573,123456,高敏6,女,2022,数据科学2201班,数据科学,信息工程学院
20211574,123456,张勇,女,2022,数据科学2201班,数据科学,信息工程学院
20211575,123456,吴伟7,男,2022,数据科学2201班,数据科学,信息工程学院
20211576,123456,孙芳4,女,2022,数据科学2201班,数据科学,信息工程学院
20211577,123456,陈丽8,男,2022,数据科学2201班,数据科学,信息工程学院
20211578,123456,林磊,女,2022,数据科学2201班,数据科学,信息工程学院
20211579,123456,罗杰,女,2022,数据科学2201班,数据科学,信息工程学院
20211580,123456,吴敏5,男,2022,数据科学2201班,数据科学,信息工程学院
20211581,123456,周强,男,2022,数据科学2201班,数据科学,信息工程学院
20211582,123456,胡杰,女,2022,数据科学2201班,数据科学,信息工程学院
20211583,123456,马梅,男,2022,数据科学2201班,数据科学,信息工程学院
20211584,123456,王芳6,女,2022,数据科学2201班,数据科学,信息工程学院
20211585,123456,杨超,男,2022,数据科学2201班,数据科学,信息工程学院
20211586,123456,孙静,男,2022,数据科学2201班,数据科学,信息工程学院
20211587,123456,孙涛,男,2022,数据科学2201班,数据科学,信息工程学院
20211588,123456,徐超2,女,2022,数据科学2201班,数据科学,信息工程学院
20211589,123456,朱琳,女,2022,数据科学2201班,数据科学,信息工程学院
20211590,123456,李军3,女,2022,数据科学2201班,数据科学,信息工程学院
20211591,123456,朱雪6,男,2022,数据科学2202班,数据科学,信息工程学院
20211592,123456,郑梅,女,2022,数据科学2202班,数据科学,信息工程学院
20211593,123456,徐敏1,女,2022,数据科学2202班,数据科学,信息工程学院
20211594,123456,张静1,女,2022,数据科学2202班,数据科学,信息工程学院
20211595,123456,何琳,女,2022,数据科学2202班,数据科学,信息工程学院
20211596,123456,林梅,男,2022,数据科学2202班,数据科学,信息工程学院
20211597,123456,李雪,女,2022,数据科学2202班,数据科学,信息工程学院
20211598,123456,周涛9,男,2022,数据科学2202班,数据科学,信息工程学院
20211599,123456,胡芳,男,2022,数据科学2202班,数据科学,信息工程学院
20211600,123456,陈强7,女,2022,数据科学2202班,数据科学,信息工程学院
20211601,123456,张琳,男,2022,数据科学2202班,数据科学,信息工程学院
20211602,123456,李超,男,2022,数据科学2202班,数据科学,信息工程学院
20211603,123456,杨静2,男,2022,数据科学2202班,数据科学,信息工程学院
20211604,123456,赵燕3,女,2022,数据科学2202班,数据科学,信息工程学院
20211605,123456,周军,男,2022,数据科学2202班,数据科学,信息工程学院
20211606,123456,罗军,男,2022,数据科学2202班,数据科学,信息工程学院
20211607,123456,李磊,女,2022,数据科学2202班,数据科学,信息工程学院
20211608,123456,李敏,女,2022,数据科学2202班,数据科学,信息工程学院
20211609,123456,高丽,女,2022,数据科学2202班,数据科学,信息工程学院
20211610,123456,徐涛2,女,2022,数据科学2202班,数据科学,信息工程学院
20211611,123456,郑琳,男,2022,数据科学2202班,数据科学,信息工程学院
20211612,123456,吴燕4,女,2022,数据科学2202班,数据科学,信息工程学院
20211613,123456,胡婷,女,2022,数据科学2202班,数据科学,信息工程学院
20211614,123456,王磊,男,2022,数据科学2202班,数据科学,信息工程学院
20211615,123456,李涛,男,2022,数据科学2202班,数据科学,信息工程学院
20211616,123456,郑亮,女,2022,数据科学2202班,数据科学,信息工程学院
20211617,123456,朱琳,女,2022,数据科学2202班,数据科学,信息工程学院
20211618,123456,王梅3,男,2022,数据科学2202班,数据科学,信息工程学院
20211619,123456,罗丽,女,2022,数据科学2202班,数据科学,信息工程学院
20211620,123456,马涛0,女,2022,数据科学2202班,数据科学,信息工程学院
20211621,123456,吴涛3,女,2022,数据科学2203班,数据科学,信息工程学院
20211622,123456,张娜5,女,2022,数据科学2203班,数据科学,信息工程学院
20211623,123456,朱勇3,男,2022,数据科学2203班,数据科学,信息工程学院
20211624,123456,黄勇,女,2022,数据科学2203班,数据科学,信息工程学院
20211625,123456,郑梅6,女,2022,数据科学2203班,数据科学,信息工程学院
20211626,123456,杨燕2,男,2022,数据科学2203班,数据科学,信息工程学院
20211627,123456,周勇,女,2022,数据科学2203班,数据科学,信息工程学院
20211628,123456,吴婷6,女,2022,数据科学2203班,数据科学,信息工程学院
20211629,123456,杨涛2,男,2022,数据科学2203班,数据科学,信息工程学院
20211630,123456,李丽,女,2022,数据科学2203班,数据科学,信息工程学院
20211631,123456,杨强3,女,2022,数据科学2203班,数据科学,信息工程学院
20211632,123456,林芳1,男,2022,数据科学2203班,数据科学,信息工程学院
20211633,123456,林雪8,女,2022,数据科学2203班,数据科学,信息工程学院
20211634,123456,徐芳,女,2022,数据科学2203班,数据科学,信息工程学院
20211635,123456,郑丽0,男,2022,数据科学2203班,数据科学,信息工程学院
20211636,123456,马亮9,女,2022,数据科学2203班,数据科学,信息工程学院
20211637,123456,王婷,女,2022,数据科学2203班,数据科学,信息工程学院
20211638,123456,林静,女,2022,数据科学2203班,数据科学,信息工程学院
20211639,123456,何亮2,女,2022,数据科学2203班,数据科学,信息工程学院
20211640,123456,吴伟,女,2022,数据科学2203班,数据科学,信息工程学院
20211641,123456,陈婷3,女,2022,数据科学2203班,数据科学,信息工程学院
20211642,123456,张静,男,2022,数据科学2203班,数据科学,信息工程学院
20211643,123456,刘伟,女,2022,数据科学2203班,数据科学,信息工程学院
20211644,123456,李磊4,女,2022,数据科学2203班,数据科学,信息工程学院
20211645,123456,罗涛3,女,2022,数据科学2203班,数据科学,信息工程学院
20211646,123456,王勇,男,2022,数据科学2203班,数据科学,信息工程学院
20211647,123456,马勇,男,2022,数据科学2203班,数据科学,信息工程学院
20211648,123456,陈琳7,男,2022,数据科学2203班,数据科学,信息工程学院
20211649,123456,黄杰,男,2022,数据科学2203班,数据科学,信息工程学院
20211650,123456,马燕7,男,2022,数据科学2203班,数据科学,信息工程学院
20211651,123456,朱静9,男,2022,数据科学2204班,数据科学,信息工程学院
20211652,123456,王雪,女,2022,数据科学2204班,数据科学,信息工程学院
20211653,123456,吴雪,男,2022,数据科学2204班,数据科学,信息工程学院
20211654,123456,林磊2,女,2022,数据科学2204班,数据科学,信息工程学院
20211655,123456,何杰,男,2022,数据科学2204班,数据科学,信息工程学院
20211656,123456,朱涛,男,2022,数据科学2204班,数据科学,信息工程学院
20211657,123456,刘敏,男,2022,数据科学2204班,数据科学,信息工程学院
20211658,123456,朱燕,男,2022,数据科学2204班,数据科学,信息工程学院
20211659,123456,罗伟1,男,2022,数据科学2204班,数据科学,信息工程学院
20211660,123456,孙亮8,男,2022,数据科学2204班,数据科学,信息工程学院
20211661,123456,徐敏6,女,2022,数据科学2204班,数据科学,信息工程学院
20211662,123456,周杰4,女,2022,数据科学2204班,数据科学,信息工程学院
20211663,123456,胡军9,女,2022,数据科学2204班,数据科学,信息工程学院
20211664,123456,杨伟,女,2022,数据科学2204班,数据科学,信息工程学院
20211665,123456,刘磊9,男,2022,数据科学2204班,数据科学,信息工程学院
20211666,123456,吴勇9,男,2022,数据科学2204班,数据科学,信息工程学院
20211667,123456,刘芳,女,2022,数据科学2204班,数据科学,信息工程学院
20211668,123456,林磊9,女,2022,数据科学2204班,数据科学,信息工程学院
20211669,123456,赵强6,女,2022,数据科学2204班,数据科学,信息工程学院
20211670,123456,朱杰,女,2022,数据科学2204班,数据科学,信息工程学院
20211671,123456,何勇6,女,2022,数据科学2204班,数据科学,信息工程学院
20211672,123456,赵婷0,男,2022,数据科学2204班,数据科学,信息工程学院
20211673,123456,罗雪,男,2022,数据科学2204班,数据科学,信息工程学院
20211674,123456,郑燕,女,2022,数据科学2204班,数据科学,信息工程学院
20211675,123456,杨燕,女,2022,数据科学2204班,数据科学,信息工程学院
20211676,123456,赵静,男,2022,数据科学2204班,数据科学,信息工程学院
20211677,123456,陈鹏,男,2022,数据科学2204班,数据科学,信息工程学院
20211678,123456,王鹏,男,2022,数据科学2204班,数据科学,信息工程学院
20211679,123456,林杰1,男,2022,数据科学2204班,数据科学,信息工程学院
20211680,123456,张杰7,男,2022,数据科学2204班,数据科学,信息工程学院
20211681,123456,李超,男,2023,数据科学2301班,数据科学,信息工程学院
20211682,123456,杨超9,男,2023,数据科学2301班,数据科学,信息工程学院
20211683,123456,胡勇7,女,2023,数据科学2301班,数据科学,信息工程学院
20211684,123456,孙亮,女,2023,数据科学2301班,数据科学,信息工程学院
20211685,123456,黄雪,女,2023,数据科学2301班,数据科学,信息工程学院
20211686,123456,何雪,女,2023,数据科学2301班,数据科学,信息工程学院
20211687,123456,陈敏7,男,2023,数据科学2301班,数据科学,信息工程学院
20211688,123456,孙磊8,男,2023,数据科学2301班,数据科学,信息工程学院
20211689,123456,黄鹏9,女,2023,数据科学2301班,数据科学,信息工程学院
20211690,123456,朱鹏2,女,2023,数据科学2301班,数据科学,信息工程学院
20211691,123456,王芳5,女,2023,数据科学2301班,数据科学,信息工程学院
20211692,123456,林琳,女,2023,数据科学2301班,数据科学,信息工程学院
20211693,123456,徐鹏,男,2023,数据科学2301班,数据科学,信息工程学院
20211694,123456,徐琳,女,2023,数据科学2301班,数据科学,信息工程学院
20211695,123456,马鹏3,女,2023,数据科学2301班,数据科学,信息工程学院
20211696,123456,赵静,男,2023,数据科学2301班,数据科学,信息工程学院
20211697,123456,朱雪,女,2023,数据科学2301班,数据科学,信息工程学院
20211698,123456,罗涛1,男,2023,数据科学2301班,数据科学,信息工程学院
20211699,123456,张雪,男,2023,数据科学2301班,数据科学,信息工程学院
20211700,123456,林娜,女,2023,数据科学2301班,数据科学,信息工程学院
20211701,123456,刘伟5,男,2023,数据科学2301班,数据科学,信息工程学院
20211702,123456,赵涛4,男,2023,数据科学2301班,数据科学,信息工程学院
20211703,123456,孙亮,女,2023,数据科学2301班,数据科学,信息工程学院
20211704,123456,郑静,女,2023,数据科学2301班,数据科学,信息工程学院
20211705,123456,徐强8,男,2023,数据科学2301班,数据科学,信息工程学院
20211706,123456,周勇1,男,2023,数据科学2301班,数据科学,信息工程学院
20211707,123456,徐琳,女,2023,数据科学2301班,数据科学,信息工程学院
20211708,123456,徐鹏,男,2023,数据科学2301班,数据科学,信息工程学院
20211709,123456,马杰0,女,2023,数据科学2301班,数据科学,信息工程学院
20211710,123456,何磊2,女,2023,数据科学2301班,数据科学,信息工程学院
20211711,123456,郑婷2,男,2023,数据科学2302班,数据科学,信息工程学院
20211712,123456,赵亮,女,2023,数据科学2302班,数据科学,信息工程学院
20211713,123456,杨伟,女,2023,数据科学2302班,数据科学,信息工程学院
20211714,123456,李勇8,男,2023,数据科学2302班,数据科学,信息工程学院
20211715,123456,吴敏0,女,2023,数据科学2302班,数据科学,信息工程学院
20211716,123456,黄涛9,女,2023,数据科学2302班,数据科学,信息工程学院
20211717,123456,周鹏,男,2023,数据科学2302班,数据科学,信息工程学院
20211718,123456,罗超,女,2023,数据科学2302班,数据科学,信息工程学院
20211719,123456,孙静,女,2023,数据科学2302班,数据科学,信息工程学院
20211720,123456,孙婷,女,2023,数据科学2302班,数据科学,信息工程学院
20211721,123456,赵强,男,2023,数据科学2302班,数据科学,信息工程学院
20211722,123456,胡鹏,女,2023,数据科学2302班,数据科学,信息工程学院
20211723,123456,胡涛1,女,2023,数据科学2302班,数据科学,信息工程学院
20211724,123456,周琳1,男,2023,数据科学2302班,数据科学,信息工程学院
20211725,123456,马丽,男,2023,数据科学2302班,数据科学,信息工程学院
20211726,123456,郑伟,女,2023,数据科学2302班,数据科学,信息工程学院
20211727,123456,朱超3,女,2023,数据科学2302班,数据科学,信息工程学院
20211728,123456,陈娜1,女,2023,数据科学2302班,数据科学,信息工程学院
20211729,123456,李伟4,男,2023,数据科学2302班,数据科学,信息工程学院
20211730,123456,黄娜2,男,2023,数据科学2302班,数据科学,信息工程学院
20211731,123456,周军,男,2023,数据科学2302班,数据科学,信息工程学院
20211732,123456,杨超1,男,2023,数据科学2302班,数据科学,信息工程学院
20211733,123456,黄军5,女,2023,数据科学2302班,数据科学,信息工程学院
20211734,123456,罗丽,女,2023,数据科学2302班,数据科学,信息工程学院
20211735,123456,李娜,女,2023,数据科学2302班,数据科学,信息工程学院
20211736,123456,赵雪,男,2023,数据科学2302班,数据科学,信息工程学院
20211737,123456,张伟2,男,2023,数据科学2302班,数据科学,信息工程学院
20211738,123456,吴杰7,男,2023,数据科学2302班,数据科学,信息工程学院
20211739,123456,胡芳,女,2023,数据科学2302班,数据科学,信息工程学院
20211740,123456,朱雪,女,2023,数据科学2302班,数据科学,信息工程学院
20211741,123456,王杰,女,2023,数据科学2303班,数据科学,信息工程学院
20211742,123456,刘婷6,男,2023,数据科学2303班,数据科学,信息工程学院
20211743,123456,杨芳,男,2023,数据科学2303班,数据科学,信息工程学院
20211744,123456,徐鹏3,男,2023,数据科学2303班,数据科学,信息工程学院
20211745,123456,陈婷,男,2023,数据科学2303班,数据科学,信息工程学院
20211746,123456,王琳2,女,2023,数据科学2303班,数据科学,信息工程学院
20211747,123456,孙伟,女,2023,数据科学2303班,数据科学,信息工程学院
20211748,123456,马芳,男,2023,数据科学2303班,数据科学,信息工程学院
20211749,123456,孙雪,男,2023,数据科学2303班,数据科学,信息工程学院
20211750,123456,赵伟,男,2023,数据科学2303班,数据科学,信息工程学院
20211751,123456,何静,女,2023,数据科学2303班,数据科学,信息工程学院
20211752,123456,张琳0,男,2023,数据科学2303班,数据科学,信息工程学院
20211753,123456,赵鹏,女,2023,数据科学2303班,数据科学,信息工程学院
20211754,123456,张磊,女,2023,数据科学2303班,数据科学,信息工程学院
20211755,123456,赵磊,男,2023,数据科学2303班,数据科学,信息工程学院
20211756,123456,罗丽3,男,2023,数据科学2303班,数据科学,信息工程学院
20211757,123456,胡鹏,男,2023,数据科学2303班,数据科学,信息工程学院
20211758,123456,张燕8,女,2023,数据科学2303班,数据科学,信息工程学院
20211759,123456,王超,女,2023,数据科学2303班,数据科学,信息工程学院
20211760,123456,李伟4,男,2023,数据科学2303班,数据科学,信息工程学院
20211761,123456,周娜4,男,2023,数据科学2303班,数据科学,信息工程学院
20211762,123456,罗鹏,男,2023,数据科学2303班,数据科学,信息工程学院
20211763,123456,林芳,女,2023,数据科学2303班,数据科学,信息工程学院
20211764,123456,张丽,女,2023,数据科学2303班,数据科学,信息工程学院
20211765,123456,周丽7,女,2023,数据科学2303班,数据科学,信息工程学院
20211766,123456,周婷0,女,2023,数据科学2303班,数据科学,信息工程学院
20211767,123456,孙雪2,女,2023,数据科学2303班,数据科学,信息工程学院
20211768,123456,王婷,女,2023,数据科学2303班,数据科学,信息工程学院
20211769,123456,何强9,男,2023,数据科学2303班,数据科学,信息工程学院
20211770,123456,罗婷,女,2023,数据科学2303班,数据科学,信息工程学院
20211771,123456,黄勇,男,2023,数据科学2304班,数据科学,信息工程学院
20211772,123456,吴伟,男,2023,数据科学2304班,数据科学,信息工程学院
20211773,123456,张鹏5,女,2023,数据科学2304班,数据科学,信息工程学院
20211774,123456,徐勇,女,2023,数据科学2304班,数据科学,信息工程学院
20211775,123456,周婷,男,2023,数据科学2304班,数据科学,信息工程学院
20211776,123456,郑雪,男,2023,数据科学2304班,数据科学,信息工程学院
20211777,123456,何燕,男,2023,数据科学2304班,数据科学,信息工程学院
20211778,123456,郑杰0,男,2023,数据科学2304班,数据科学,信息工程学院
20211779,123456,张丽,男,2023,数据科学2304班,数据科学,信息工程学院
20211780,123456,王雪1,男,2023,数据科学2304班,数据科学,信息工程学院
20211781,123456,高琳,男,2023,数据科学2304班,数据科学,信息工程学院
20211782,123456,高雪3,女,2023,数据科学2304班,数据科学,信息工程学院
20211783,123456,林燕,女,2023,数据科学2304班,数据科学,信息工程学院
20211784,123456,吴敏,女,2023,数据科学2304班,数据科学,信息工程学院
20211785,123456,高静,女,2023,数据科学2304班,数据科学,信息工程学院
20211786,123456,刘静,女,2023,数据科学2304班,数据科学,信息工程学院
20211787,123456,林琳0,男,2023,数据科学2304班,数据科学,信息工程学院
20211788,123456,周琳,女,2023,数据科学2304班,数据科学,信息工程学院
20211789,123456,周燕,男,2023,数据科学2304班,数据科学,信息工程学院
20211790,123456,朱燕,女,2023,数据科学2304班,数据科学,信息工程学院
20211791,123456,徐伟7,男,2023,数据科学2304班,数据科学,信息工程学院
20211792,123456,马静5,男,2023,数据科学2304班,数据科学,信息工程学院
20211793,123456,黄芳,男,2023,数据科学2304班,数据科学,信息工程学院
20211794,123456,李婷,女,2023,数据科学2304班,数据科学,信息工程学院
20211795,123456,赵亮7,女,2023,数据科学2304班,数据科学,信息工程学院
20211796,123456,郑涛,女,2023,数据科学2304班,数据科学,信息工程学院
20211797,123456,赵军6,女,2023,数据科学2304班,数据科学,信息工程学院
20211798,123456,周琳2,男,2023,数据科学2304班,数据科学,信息工程学院
20211799,123456,黄芳,男,2023,数据科学2304班,数据科学,信息工程学院
20211800,123456,吴娜,男,2023,数据科学2304班,数据科学,信息工程学院
20211801,123456,陈芳3,女,2024,数据科学2401班,数据科学,信息工程学院
20211802,123456,周琳,男,2024,数据科学2401班,数据科学,信息工程学院
20211803,123456,朱涛,女,2024,数据科学2401班,数据科学,信息工程学院
20211804,123456,罗芳,女,2024,数据科学2401班,数据科学,信息工程学院
20211805,123456,杨娜0,男,2024,数据科学2401班,数据科学,信息工程学院
20211806,123456,陈伟0,女,2024,数据科学2401班,数据科学,信息工程学院
20211807,123456,杨军,男,2024,数据科学2401班,数据科学,信息工程学院
20211808,123456,徐静8,男,2024,数据科学2401班,数据科学,信息工程学院
20211809,123456,吴敏4,男,2024,数据科学2401班,数据科学,信息工程学院
20211810,123456,王敏2,男,2024,数据科学2401班,数据科学,信息工程学院
20211811,123456,李涛,男,2024,数据科学2401班,数据科学,信息工程学院
20211812,123456,林强4,男,2024,数据科学2401班,数据科学,信息工程学院
20211813,123456,刘鹏,女,2024,数据科学2401班,数据科学,信息工程学院
20211814,123456,李杰3,女,2024,数据科学2401班,数据科学,信息工程学院
20211815,123456,罗静8,女,2024,数据科学2401班,数据科学,信息工程学院
20211816,123456,周敏,男,2024,数据科学2401班,数据科学,信息工程学院
20211817,123456,黄亮,女,2024,数据科学2401班,数据科学,信息工程学院
20211818,123456,高丽2,男,2024,数据科学2401班,数据科学,信息工程学院
20211819,123456,高丽9,男,2024,数据科学2401班,数据科学,信息工程学院
20211820,123456,吴娜5,男,2024,数据科学2401班,数据科学,信息工程学院
20211821,123456,徐敏6,男,2024,数据科学2401班,数据科学,信息工程学院
20211822,123456,胡琳4,女,2024,数据科学2401班,数据科学,信息工程学院
20211823,123456,朱涛,女,2024,数据科学2401班,数据科学,信息工程学院
20211824,123456,杨娜6,男,2024,数据科学2401班,数据科学,信息工程学院
20211825,123456,何军,女,2024,数据科学2401班,数据科学,信息工程学院
20211826,123456,何芳,女,2024,数据科学2401班,数据科学,信息工程学院
20211827,123456,罗超5,女,2024,数据科学2401班,数据科学,信息工程学院
20211828,123456,林梅4,男,2024,数据科学2401班,数据科学,信息工程学院
20211829,123456,马梅,女,2024,数据科学2401班,数据科学,信息工程学院
20211830,123456,胡勇,男,2024,数据科学2401班,数据科学,信息工程学院
20211831,123456,杨娜,女,2024,数据科学2402班,数据科学,信息工程学院
20211832,123456,罗军,男,2024,数据科学2402班,数据科学,信息工程学院
20211833,123456,黄磊,男,2024,数据科学2402班,数据科学,信息工程学院
20211834,123456,徐芳,女,2024,数据科学2402班,数据科学,信息工程学院
20211835,123456,杨芳1,男,2024,数据科学2402班,数据科学,信息工程学院
20211836,123456,陈军5,男,2024,数据科学2402班,数据科学,信息工程学院
20211837,123456,朱雪8,男,2024,数据科学2402班,数据科学,信息工程学院
20211838,123456,周杰,男,2024,数据科学2402班,数据科学,信息工程学院
20211839,123456,王娜1,男,2024,数据科学2402班,数据科学,信息工程学院
20211840,123456,郑磊,男,2024,数据科学2402班,数据科学,信息工程学院
20211841,123456,陈伟5,女,2024,数据科学2402班,数据科学,信息工程学院
20211842,123456,赵军,男,2024,数据科学2402班,数据科学,信息工程学院
20211843,123456,林涛,女,2024,数据科学2402班,数据科学,信息工程学院
20211844,123456,张伟2,男,2024,数据科学2402班,数据科学,信息工程学院
20211845,123456,吴杰,男,2024,数据科学2402班,数据科学,信息工程学院
20211846,123456,高鹏4,男,2024,数据科学2402班,数据科学,信息工程学院
20211847,123456,陈梅,女,2024,数据科学2402班,数据科学,信息工程学院
20211848,123456,周静5,女,2024,数据科学2402班,数据科学,信息工程学院
20211849,123456,罗鹏0,女,2024,数据科学2402班,数据科学,信息工程学院
20211850,123456,林雪,女,2024,数据科学2402班,数据科学,信息工程学院
20211851,123456,孙娜,男,2024,数据科学2402班,数据科学,信息工程学院
20211852,123456,吴琳,男,2024,数据科学2402班,数据科学,信息工程学院
20211853,123456,王勇,女,2024,数据科学2402班,数据科学,信息工程学院
20211854,123456,王伟,男,2024,数据科学2402班,数据科学,信息工程学院
20211855,123456,陈鹏9,男,2024,数据科学2402班,数据科学,信息工程学院
20211856,123456,孙超5,女,2024,数据科学2402班,数据科学,信息工程学院
20211857,123456,郑娜,男,2024,数据科学2402班,数据科学,信息工程学院
20211858,123456,马婷,男,2024,数据科学2402班,数据科学,信息工程学院
20211859,123456,陈静9,男,2024,数据科学2402班,数据科学,信息工程学院
20211860,123456,王勇,男,2024,数据科学2402班,数据科学,信息工程学院
20211861,123456,马敏,男,2024,数据科学2403班,数据科学,信息工程学院
20211862,123456,刘芳4,女,2024,数据科学2403班,数据科学,信息工程学院
20211863,123456,吴梅2,男,2024,数据科学2403班,数据科学,信息工程学院
20211864,123456,黄强6,女,2024,数据科学2403班,数据科学,信息工程学院
20211865,123456,吴杰2,女,2024,数据科学2403班,数据科学,信息工程学院
20211866,123456,徐娜1,男,2024,数据科学2403班,数据科学,信息工程学院
20211867,123456,杨亮,女,2024,数据科学2403班,数据科学,信息工程学院
20211868,123456,何杰,女,2024,数据科学2403班,数据科学,信息工程学院
20211869,123456,何梅,男,2024,数据科学2403班,数据科学,信息工程学院
20211870,123456,罗杰2,女,2024,数据科学2403班,数据科学,信息工程学院
20211871,123456,张敏,女,2024,数据科学2403班,数据科学,信息工程学院
20211872,123456,孙军5,男,2024,数据科学2403班,数据科学,信息工程学院
20211873,123456,朱芳,女,2024,数据科学2403班,数据科学,信息工程学院
20211874,123456,杨燕,男,2024,数据科学2403班,数据科学,信息工程学院
20211875,123456,朱勇3,女,2024,数据科学2403班,数据科学,信息工程学院
20211876,123456,徐涛1,男,2024,数据科学2403班,数据科学,信息工程学院
20211877,123456,胡鹏,女,2024,数据科学2403班,数据科学,信息工程学院
20211878,123456,罗勇6,男,2024,数据科学2403班,数据科学,信息工程学院
20211879,123456,朱敏2,女,2024,数据科学2403班,数据科学,信息工程学院
20211880,123456,罗磊6,男,2024,数据科学2403班,数据科学,信息工程学院
20211881,123456,张娜9,男,2024,数据科学2403班,数据科学,信息工程学院
20211882,123456,何燕3,男,2024,数据科学2403班,数据科学,信息工程学院
20211883,123456,马勇,男,2024,数据科学2403班,数据科学,信息工程学院
20211884,123456,周杰,男,2024,数据科学2403班,数据科学,信息工程学院
20211885,123456,徐敏,女,2024,数据科学2403班,数据科学,信息工程学院
20211886,123456,刘静,女,2024,数据科学2403班,数据科学,信息工程学院
20211887,123456,周丽,男,2024,数据科学2403班,数据科学,信息工程学院
20211888,123456,朱超7,男,2024,数据科学2403班,数据科学,信息工程学院
20211889,123456,刘鹏,男,2024,数据科学2403班,数据科学,信息工程学院
20211890,123456,郑静,男,2024,数据科学2403班,数据科学,信息工程学院
20211891,123456,朱勇1,男,2024,数据科学2404班,数据科学,信息工程学院
20211892,123456,高涛4,男,2024,数据科学2404班,数据科学,信息工程学院
20211893,123456,罗勇8,男,2024,数据科学2404班,数据科学,信息工程学院
20211894,123456,郑婷5,男,2024,数据科学2404班,数据科学,信息工程学院
20211895,123456,朱军,女,2024,数据科学2404班,数据科学,信息工程学院
20211896,123456,高芳,男,2024,数据科学2404班,数据科学,信息工程学院
20211897,123456,胡丽,女,2024,数据科学2404班,数据科学,信息工程学院
20211898,123456,陈敏,女,2024,数据科学2404班,数据科学,信息工程学院
20211899,123456,张敏8,女,2024,数据科学2404班,数据科学,信息工程学院
20211900,123456,马涛7,男,2024,数据科学2404班,数据科学,信息工程学院
20211901,123456,郑丽7,男,2024,数据科学2404班,数据科学,信息工程学院
20211902,123456,罗静,男,2024,数据科学2404班,数据科学,信息工程学院
20211903,123456,周杰0,女,2024,数据科学2404班,数据科学,信息工程学院
20211904,123456,王丽8,女,2024,数据科学2404班,数据科学,信息工程学院
20211905,123456,杨娜9,女,2024,数据科学2404班,数据科学,信息工程学院
20211906,123456,罗超,女,2024,数据科学2404班,数据科学,信息工程学院
20211907,123456,黄杰6,男,2024,数据科学2404班,数据科学,信息工程学院
20211908,123456,黄芳7,男,2024,数据科学2404班,数据科学,信息工程学院
20211909,123456,朱婷,男,2024,数据科学2404班,数据科学,信息工程学院
20211910,123456,胡静7,男,2024,数据科学2404班,数据科学,信息工程学院
20211911,123456,陈婷,女,2024,数据科学2404班,数据科学,信息工程学院
20211912,123456,黄超,男,2024,数据科学2404班,数据科学,信息工程学院
20211913,123456,高伟7,女,2024,数据科学2404班,数据科学,信息工程学院
20211914,123456,何静,女,2024,数据科学2404班,数据科学,信息工程学院
20211915,123456,王涛9,男,2024,数据科学2404班,数据科学,信息工程学院
20211916,123456,林鹏,男,2024,数据科学2404班,数据科学,信息工程学院
20211917,123456,孙军7,男,2024,数据科学2404班,数据科学,信息工程学院
20211918,123456,林梅9,男,2024,数据科学2404班,数据科学,信息工程学院
20211919,123456,陈雪3,男,2024,数据科学2404班,数据科学,信息工程学院
20211920,123456,周静,女,2024,数据科学2404班,数据科学,信息工程学院
20211921,123456,吴亮1,男,2021,网络工程2101班,网络工程,信息工程学院
20211922,123456,高敏,女,2021,网络工程2101班,网络工程,信息工程学院
20211923,123456,郑娜,男,2021,网络工程2101班,网络工程,信息工程学院
20211924,123456,马芳,女,2021,网络工程2101班,网络工程,信息工程学院
20211925,123456,王婷4,男,2021,网络工程2101班,网络工程,信息工程学院
20211926,123456,李芳,男,2021,网络工程2101班,网络工程,信息工程学院
20211927,123456,孙琳9,女,2021,网络工程2101班,网络工程,信息工程学院
20211928,123456,杨婷,男,2021,网络工程2101班,网络工程,信息工程学院
20211929,123456,林雪5,女,2021,网络工程2101班,网络工程,信息工程学院
20211930,123456,吴杰,男,2021,网络工程2101班,网络工程,信息工程学院
20211931,123456,林涛5,女,2021,网络工程2101班,网络工程,信息工程学院
20211932,123456,胡燕7,男,2021,网络工程2101班,网络工程,信息工程学院
20211933,123456,何婷8,男,2021,网络工程2101班,网络工程,信息工程学院
20211934,123456,刘静8,女,2021,网络工程2101班,网络工程,信息工程学院
20211935,123456,何婷,女,2021,网络工程2101班,网络工程,信息工程学院
20211936,123456,周涛,男,2021,网络工程2101班,网络工程,信息工程学院
20211937,123456,高芳,男,2021,网络工程2101班,网络工程,信息工程学院
20211938,123456,高磊0,男,2021,网络工程2101班,网络工程,信息工程学院
20211939,123456,马敏2,女,2021,网络工程2101班,网络工程,信息工程学院
20211940,123456,胡勇,女,2021,网络工程2101班,网络工程,信息工程学院
20211941,123456,胡亮0,女,2021,网络工程2101班,网络工程,信息工程学院
20211942,123456,罗涛,女,2021,网络工程2101班,网络工程,信息工程学院
20211943,123456,黄丽9,男,2021,网络工程2101班,网络工程,信息工程学院
20211944,123456,何雪9,女,2021,网络工程2101班,网络工程,信息工程学院
20211945,123456,陈军9,女,2021,网络工程2101班,网络工程,信息工程学院
20211946,123456,孙雪5,女,2021,网络工程2101班,网络工程,信息工程学院
20211947,123456,胡琳,女,2021,网络工程2101班,网络工程,信息工程学院
20211948,123456,罗娜,女,2021,网络工程2101班,网络工程,信息工程学院
20211949,123456,罗芳,男,2021,网络工程2101班,网络工程,信息工程学院
20211950,123456,李梅,男,2021,网络工程2101班,网络工程,信息工程学院
20211951,123456,张鹏,女,2021,网络工程2102班,网络工程,信息工程学院
20211952,123456,吴涛,男,2021,网络工程2102班,网络工程,信息工程学院
20211953,123456,陈杰0,女,2021,网络工程2102班,网络工程,信息工程学院
20211954,123456,周磊4,女,2021,网络工程2102班,网络工程,信息工程学院
20211955,123456,黄梅2,男,2021,网络工程2102班,网络工程,信息工程学院
20211956,123456,黄伟,男,2021,网络工程2102班,网络工程,信息工程学院
20211957,123456,李超,男,2021,网络工程2102班,网络工程,信息工程学院
20211958,123456,王梅,女,2021,网络工程2102班,网络工程,信息工程学院
20211959,123456,郑敏,女,2021,网络工程2102班,网络工程,信息工程学院
20211960,123456,罗敏2,男,2021,网络工程2102班,网络工程,信息工程学院
20211961,123456,胡亮6,男,2021,网络工程2102班,网络工程,信息工程学院
20211962,123456,胡梅,女,2021,网络工程2102班,网络工程,信息工程学院
20211963,123456,朱梅,男,2021,网络工程2102班,网络工程,信息工程学院
20211964,123456,张燕2,男,2021,网络工程2102班,网络工程,信息工程学院
20211965,123456,李强3,男,2021,网络工程2102班,网络工程,信息工程学院
20211966,123456,林燕3,女,2021,网络工程2102班,网络工程,信息工程学院
20211967,123456,郑婷8,男,2021,网络工程2102班,网络工程,信息工程学院
20211968,123456,黄超1,男,2021,网络工程2102班,网络工程,信息工程学院
20211969,123456,赵涛8,男,2021,网络工程2102班,网络工程,信息工程学院
20211970,123456,罗芳,男,2021,网络工程2102班,网络工程,信息工程学院
20211971,123456,陈静0,女,2021,网络工程2102班,网络工程,信息工程学院
20211972,123456,吴强3,男,2021,网络工程2102班,网络工程,信息工程学院
20211973,123456,吴杰,男,2021,网络工程2102班,网络工程,信息工程学院
20211974,123456,刘雪2,女,2021,网络工程2102班,网络工程,信息工程学院
20211975,123456,孙静4,女,2021,网络工程2102班,网络工程,信息工程学院
20211976,123456,李琳,男,2021,网络工程2102班,网络工程,信息工程学院
20211977,123456,胡强5,女,2021,网络工程2102班,网络工程,信息工程学院
20211978,123456,胡芳,女,2021,网络工程2102班,网络工程,信息工程学院
20211979,123456,王敏,女,2021,网络工程2102班,网络工程,信息工程学院
20211980,123456,徐静1,男,2021,网络工程2102班,网络工程,信息工程学院
20211981,123456,高涛8,女,2021,网络工程2103班,网络工程,信息工程学院
20211982,123456,孙鹏2,女,2021,网络工程2103班,网络工程,信息工程学院
20211983,123456,杨亮,女,2021,网络工程2103班,网络工程,信息工程学院
20211984,123456,胡超,男,2021,网络工程2103班,网络工程,信息工程学院
20211985,123456,杨婷6,男,2021,网络工程2103班,网络工程,信息工程学院
20211986,123456,徐芳0,男,2021,网络工程2103班,网络工程,信息工程学院
20211987,123456,马雪7,女,2021,网络工程2103班,网络工程,信息工程学院
20211988,123456,吴亮,男,2021,网络工程2103班,网络工程,信息工程学院
20211989,123456,郑梅2,女,2021,网络工程2103班,网络工程,信息工程学院
20211990,123456,高勇6,男,2021,网络工程2103班,网络工程,信息工程学院
20211991,123456,徐亮,男,2021,网络工程2103班,网络工程,信息工程学院
20211992,123456,郑涛,女,2021,网络工程2103班,网络工程,信息工程学院
20211993,123456,黄勇6,男,2021,网络工程2103班,网络工程,信息工程学院
20211994,123456,朱丽4,男,2021,网络工程2103班,网络工程,信息工程学院
20211995,123456,孙伟8,女,2021,网络工程2103班,网络工程,信息工程学院
20211996,123456,赵娜4,女,2021,网络工程2103班,网络工程,信息工程学院
20211997,123456,陈勇,男,2021,网络工程2103班,网络工程,信息工程学院
20211998,123456,朱梅,女,2021,网络工程2103班,网络工程,信息工程学院
20211999,123456,何琳,女,2021,网络工程2103班,网络工程,信息工程学院
20212000,123456,杨芳8,男,2021,网络工程2103班,网络工程,信息工程学院
20212001,123456,陈亮2,男,2021,网络工程2103班,网络工程,信息工程学院
20212002,123456,李军2,男,2021,网络工程2103班,网络工程,信息工程学院
20212003,123456,马芳,女,2021,网络工程2103班,网络工程,信息工程学院
20212004,123456,李亮,男,2021,网络工程2103班,网络工程,信息工程学院
20212005,123456,王伟,男,2021,网络工程2103班,网络工程,信息工程学院
20212006,123456,李磊4,男,2021,网络工程2103班,网络工程,信息工程学院
20212007,123456,陈军,女,2021,网络工程2103班,网络工程,信息工程学院
20212008,123456,张强,男,2021,网络工程2103班,网络工程,信息工程学院
20212009,123456,刘琳8,男,2021,网络工程2103班,网络工程,信息工程学院
20212010,123456,马梅,男,2021,网络工程2103班,网络工程,信息工程学院
20212011,123456,罗超8,女,2021,网络工程2104班,网络工程,信息工程学院
20212012,123456,赵芳1,男,2021,网络工程2104班,网络工程,信息工程学院
20212013,123456,何勇,女,2021,网络工程2104班,网络工程,信息工程学院
20212014,123456,赵勇3,女,2021,网络工程2104班,网络工程,信息工程学院
20212015,123456,张涛3,男,2021,网络工程2104班,网络工程,信息工程学院
20212016,123456,周亮5,女,2021,网络工程2104班,网络工程,信息工程学院
20212017,123456,黄梅7,男,2021,网络工程2104班,网络工程,信息工程学院
20212018,123456,周雪5,男,2021,网络工程2104班,网络工程,信息工程学院
20212019,123456,周静,女,2021,网络工程2104班,网络工程,信息工程学院
20212020,123456,马静,男,2021,网络工程2104班,网络工程,信息工程学院
20212021,123456,罗杰,女,2021,网络工程2104班,网络工程,信息工程学院
20212022,123456,周丽,女,2021,网络工程2104班,网络工程,信息工程学院
20212023,123456,李静7,男,2021,网络工程2104班,网络工程,信息工程学院
20212024,123456,陈敏2,男,2021,网络工程2104班,网络工程,信息工程学院
20212025,123456,马婷3,女,2021,网络工程2104班,网络工程,信息工程学院
20212026,123456,何亮,男,2021,网络工程2104班,网络工程,信息工程学院
20212027,123456,张婷2,男,2021,网络工程2104班,网络工程,信息工程学院
20212028,123456,刘杰,男,2021,网络工程2104班,网络工程,信息工程学院
20212029,123456,胡亮0,男,2021,网络工程2104班,网络工程,信息工程学院
20212030,123456,何亮1,男,2021,网络工程2104班,网络工程,信息工程学院
20212031,123456,何涛,女,2021,网络工程2104班,网络工程,信息工程学院
20212032,123456,徐雪1,男,2021,网络工程2104班,网络工程,信息工程学院
20212033,123456,何敏,男,2021,网络工程2104班,网络工程,信息工程学院
20212034,123456,杨勇,男,2021,网络工程2104班,网络工程,信息工程学院
20212035,123456,赵超2,女,2021,网络工程2104班,网络工程,信息工程学院
20212036,123456,张伟,男,2021,网络工程2104班,网络工程,信息工程学院
20212037,123456,李梅1,女,2021,网络工程2104班,网络工程,信息工程学院
20212038,123456,陈敏0,女,2021,网络工程2104班,网络工程,信息工程学院
20212039,123456,吴勇,女,2021,网络工程2104班,网络工程,信息工程学院
20212040,123456,李军5,女,2021,网络工程2104班,网络工程,信息工程学院
20212041,123456,黄丽8,女,2022,网络工程2201班,网络工程,信息工程学院
20212042,123456,林杰,女,2022,网络工程2201班,网络工程,信息工程学院
20212043,123456,李丽2,女,2022,网络工程2201班,网络工程,信息工程学院
20212044,123456,孙娜,男,2022,网络工程2201班,网络工程,信息工程学院
20212045,123456,何婷,男,2022,网络工程2201班,网络工程,信息工程学院
20212046,123456,林超7,男,2022,网络工程2201班,网络工程,信息工程学院
20212047,123456,王伟3,男,2022,网络工程2201班,网络工程,信息工程学院
20212048,123456,郑琳,男,2022,网络工程2201班,网络工程,信息工程学院
20212049,123456,胡静1,男,2022,网络工程2201班,网络工程,信息工程学院
20212050,123456,罗敏3,男,2022,网络工程2201班,网络工程,信息工程学院
20212051,123456,杨伟,女,2022,网络工程2201班,网络工程,信息工程学院
20212052,123456,马燕6,男,2022,网络工程2201班,网络工程,信息工程学院
20212053,123456,朱军,女,2022,网络工程2201班,网络工程,信息工程学院
20212054,123456,朱芳1,女,2022,网络工程2201班,网络工程,信息工程学院
20212055,123456,朱琳4,女,2022,网络工程2201班,网络工程,信息工程学院
20212056,123456,李磊2,女,2022,网络工程2201班,网络工程,信息工程学院
20212057,123456,朱磊,男,2022,网络工程2201班,网络工程,信息工程学院
20212058,123456,李梅4,女,2022,网络工程2201班,网络工程,信息工程学院
20212059,123456,王敏0,男,2022,网络工程2201班,网络工程,信息工程学院
20212060,123456,马磊,男,2022,网络工程2201班,网络工程,信息工程学院
20212061,123456,陈梅7,女,2022,网络工程2201班,网络工程,信息工程学院
20212062,123456,马丽7,男,2022,网络工程2201班,网络工程,信息工程学院
20212063,123456,杨杰,女,2022,网络工程2201班,网络工程,信息工程学院
20212064,123456,何雪,男,2022,网络工程2201班,网络工程,信息工程学院
20212065,123456,何芳6,女,2022,网络工程2201班,网络工程,信息工程学院
20212066,123456,吴静7,男,2022,网络工程2201班,网络工程,信息工程学院
20212067,123456,王芳3,女,2022,网络工程2201班,网络工程,信息工程学院
20212068,123456,杨伟3,女,2022,网络工程2201班,网络工程,信息工程学院
20212069,123456,高杰6,女,2022,网络工程2201班,网络工程,信息工程学院
20212070,123456,张婷4,女,2022,网络工程2201班,网络工程,信息工程学院
20212071,123456,马敏4,女,2022,网络工程2202班,网络工程,信息工程学院
20212072,123456,郑丽4,女,2022,网络工程2202班,网络工程,信息工程学院
20212073,123456,黄杰,男,2022,网络工程2202班,网络工程,信息工程学院
20212074,123456,何勇,男,2022,网络工程2202班,网络工程,信息工程学院
20212075,123456,何梅,男,2022,网络工程2202班,网络工程,信息工程学院
20212076,123456,赵鹏,女,2022,网络工程2202班,网络工程,信息工程学院
20212077,123456,高娜,男,2022,网络工程2202班,网络工程,信息工程学院
20212078,123456,周军,女,2022,网络工程2202班,网络工程,信息工程学院
20212079,123456,黄杰,女,2022,网络工程2202班,网络工程,信息工程学院
20212080,123456,罗伟,女,2022,网络工程2202班,网络工程,信息工程学院
20212081,123456,王鹏2,男,2022,网络工程2202班,网络工程,信息工程学院
20212082,123456,林梅,男,2022,网络工程2202班,网络工程,信息工程学院
20212083,123456,何鹏,女,2022,网络工程2202班,网络工程,信息工程学院
20212084,123456,朱强8,男,2022,网络工程2202班,网络工程,信息工程学院
20212085,123456,杨强,女,2022,网络工程2202班,网络工程,信息工程学院
20212086,123456,杨婷0,男,2022,网络工程2202班,网络工程,信息工程学院
20212087,123456,孙军,男,2022,网络工程2202班,网络工程,信息工程学院
20212088,123456,刘静8,女,2022,网络工程2202班,网络工程,信息工程学院
20212089,123456,吴超,女,2022,网络工程2202班,网络工程,信息工程学院
20212090,123456,罗杰,男,2022,网络工程2202班,网络工程,信息工程学院
20212091,123456,徐燕0,女,2022,网络工程2202班,网络工程,信息工程学院
20212092,123456,胡勇8,男,2022,网络工程2202班,网络工程,信息工程学院
20212093,123456,赵军,女,2022,网络工程2202班,网络工程,信息工程学院
20212094,123456,郑涛0,男,2022,网络工程2202班,网络工程,信息工程学院
20212095,123456,郑伟2,女,2022,网络工程2202班,网络工程,信息工程学院
20212096,123456,马勇3,女,2022,网络工程2202班,网络工程,信息工程学院
20212097,123456,王婷,女,2022,网络工程2202班,网络工程,信息工程学院
20212098,123456,赵敏1,男,2022,网络工程2202班,网络工程,信息工程学院
20212099,123456,陈亮0,男,2022,网络工程2202班,网络工程,信息工程学院
20212100,123456,罗勇7,男,2022,网络工程2202班,网络工程,信息工程学院
20212101,123456,周娜,男,2022,网络工程2203班,网络工程,信息工程学院
20212102,123456,朱亮7,女,2022,网络工程2203班,网络工程,信息工程学院
20212103,123456,马琳7,男,2022,网络工程2203班,网络工程,信息工程学院
20212104,123456,杨强,女,2022,网络工程2203班,网络工程,信息工程学院
20212105,123456,赵亮,男,2022,网络工程2203班,网络工程,信息工程学院
20212106,123456,徐涛8,男,2022,网络工程2203班,网络工程,信息工程学院
20212107,123456,赵燕,男,2022,网络工程2203班,网络工程,信息工程学院
20212108,123456,吴芳6,女,2022,网络工程2203班,网络工程,信息工程学院
20212109,123456,高芳,女,2022,网络工程2203班,网络工程,信息工程学院
20212110,123456,赵芳3,男,2022,网络工程2203班,网络工程,信息工程学院
20212111,123456,张静,女,2022,网络工程2203班,网络工程,信息工程学院
20212112,123456,胡燕5,女,2022,网络工程2203班,网络工程,信息工程学院
20212113,123456,罗丽,男,2022,网络工程2203班,网络工程,信息工程学院
20212114,123456,高静,男,2022,网络工程2203班,网络工程,信息工程学院
20212115,123456,罗涛,女,2022,网络工程2203班,网络工程,信息工程学院
20212116,123456,赵军,男,2022,网络工程2203班,网络工程,信息工程学院
20212117,123456,高娜,女,2022,网络工程2203班,网络工程,信息工程学院
20212118,123456,周勇8,女,2022,网络工程2203班,网络工程,信息工程学院
20212119,123456,罗婷,男,2022,网络工程2203班,网络工程,信息工程学院
20212120,123456,孙燕1,男,2022,网络工程2203班,网络工程,信息工程学院
20212121,123456,黄军3,男,2022,网络工程2203班,网络工程,信息工程学院
20212122,123456,朱军4,男,2022,网络工程2203班,网络工程,信息工程学院
20212123,123456,何敏3,女,2022,网络工程2203班,网络工程,信息工程学院
20212124,123456,杨鹏,男,2022,网络工程2203班,网络工程,信息工程学院
20212125,123456,郑燕,男,2022,网络工程2203班,网络工程,信息工程学院
20212126,123456,郑磊,男,2022,网络工程2203班,网络工程,信息工程学院
20212127,123456,林勇2,女,2022,网络工程2203班,网络工程,信息工程学院
20212128,123456,朱梅,女,2022,网络工程2203班,网络工程,信息工程学院
20212129,123456,高婷,男,2022,网络工程2203班,网络工程,信息工程学院
20212130,123456,刘强7,女,2022,网络工程2203班,网络工程,信息工程学院
20212131,123456,刘婷7,女,2022,网络工程2204班,网络工程,信息工程学院
20212132,123456,徐强2,男,2022,网络工程2204班,网络工程,信息工程学院
20212133,123456,林燕2,女,2022,网络工程2204班,网络工程,信息工程学院
20212134,123456,罗琳0,女,2022,网络工程2204班,网络工程,信息工程学院
20212135,123456,赵涛4,女,2022,网络工程2204班,网络工程,信息工程学院
20212136,123456,张磊,女,2022,网络工程2204班,网络工程,信息工程学院
20212137,123456,黄芳5,男,2022,网络工程2204班,网络工程,信息工程学院
20212138,123456,吴强7,女,2022,网络工程2204班,网络工程,信息工程学院
20212139,123456,林梅3,女,2022,网络工程2204班,网络工程,信息工程学院
20212140,123456,何鹏6,女,2022,网络工程2204班,网络工程,信息工程学院
20212141,123456,王军,女,2022,网络工程2204班,网络工程,信息工程学院
20212142,123456,黄芳,男,2022,网络工程2204班,网络工程,信息工程学院
20212143,123456,黄娜,男,2022,网络工程2204班,网络工程,信息工程学院
20212144,123456,杨磊,女,2022,网络工程2204班,网络工程,信息工程学院
20212145,123456,杨雪0,女,2022,网络工程2204班,网络工程,信息工程学院
20212146,123456,马琳,女,2022,网络工程2204班,网络工程,信息工程学院
20212147,123456,吴芳6,女,2022,网络工程2204班,网络工程,信息工程学院
20212148,123456,杨燕8,男,2022,网络工程2204班,网络工程,信息工程学院
20212149,123456,林雪3,男,2022,网络工程2204班,网络工程,信息工程学院
20212150,123456,徐杰,女,2022,网络工程2204班,网络工程,信息工程学院
20212151,123456,杨芳3,男,2022,网络工程2204班,网络工程,信息工程学院
20212152,123456,陈磊7,男,2022,网络工程2204班,网络工程,信息工程学院
20212153,123456,胡勇,男,2022,网络工程2204班,网络工程,信息工程学院
20212154,123456,林敏5,女,2022,网络工程2204班,网络工程,信息工程学院
20212155,123456,马磊,男,2022,网络工程2204班,网络工程,信息工程学院
20212156,123456,黄磊8,女,2022,网络工程2204班,网络工程,信息工程学院
20212157,123456,林亮5,男,2022,网络工程2204班,网络工程,信息工程学院
20212158,123456,孙军7,女,2022,网络工程2204班,网络工程,信息工程学院
20212159,123456,马超7,女,2022,网络工程2204班,网络工程,信息工程学院
20212160,123456,马亮,男,2022,网络工程2204班,网络工程,信息工程学院
20212161,123456,刘军5,男,2023,网络工程2301班,网络工程,信息工程学院
20212162,123456,王丽1,男,2023,网络工程2301班,网络工程,信息工程学院
20212163,123456,何涛5,男,2023,网络工程2301班,网络工程,信息工程学院
20212164,123456,林超,男,2023,网络工程2301班,网络工程,信息工程学院
20212165,123456,周婷9,女,2023,网络工程2301班,网络工程,信息工程学院
20212166,123456,何涛0,女,2023,网络工程2301班,网络工程,信息工程学院
20212167,123456,罗燕6,女,2023,网络工程2301班,网络工程,信息工程学院
20212168,123456,何鹏3,女,2023,网络工程2301班,网络工程,信息工程学院
20212169,123456,吴静5,女,2023,网络工程2301班,网络工程,信息工程学院
20212170,123456,吴琳,男,2023,网络工程2301班,网络工程,信息工程学院
20212171,123456,胡芳9,女,2023,网络工程2301班,网络工程,信息工程学院
20212172,123456,吴磊,男,2023,网络工程2301班,网络工程,信息工程学院
20212173,123456,胡芳,男,2023,网络工程2301班,网络工程,信息工程学院
20212174,123456,罗娜0,女,2023,网络工程2301班,网络工程,信息工程学院
20212175,123456,罗静,男,2023,网络工程2301班,网络工程,信息工程学院
20212176,123456,朱鹏4,男,2023,网络工程2301班,网络工程,信息工程学院
20212177,123456,罗琳,女,2023,网络工程2301班,网络工程,信息工程学院
20212178,123456,郑芳9,男,2023,网络工程2301班,网络工程,信息工程学院
20212179,123456,林丽2,男,2023,网络工程2301班,网络工程,信息工程学院
20212180,123456,郑磊,女,2023,网络工程2301班,网络工程,信息工程学院
20212181,123456,赵涛0,男,2023,网络工程2301班,网络工程,信息工程学院
20212182,123456,林婷0,男,2023,网络工程2301班,网络工程,信息工程学院
20212183,123456,孙梅,女,2023,网络工程2301班,网络工程,信息工程学院
20212184,123456,吴涛,男,2023,网络工程2301班,网络工程,信息工程学院
20212185,123456,张强,男,2023,网络工程2301班,网络工程,信息工程学院
20212186,123456,罗静,男,2023,网络工程2301班,网络工程,信息工程学院
20212187,123456,马涛,女,2023,网络工程2301班,网络工程,信息工程学院
20212188,123456,吴琳8,男,2023,网络工程2301班,网络工程,信息工程学院
20212189,123456,黄磊7,女,2023,网络工程2301班,网络工程,信息工程学院
20212190,123456,周亮,女,2023,网络工程2301班,网络工程,信息工程学院
20212191,123456,赵亮,女,2023,网络工程2302班,网络工程,信息工程学院
20212192,123456,胡敏,女,2023,网络工程2302班,网络工程,信息工程学院
20212193,123456,林涛2,女,2023,网络工程2302班,网络工程,信息工程学院
20212194,123456,朱超,男,2023,网络工程2302班,网络工程,信息工程学院
20212195,123456,李勇,男,2023,网络工程2302班,网络工程,信息工程学院
20212196,123456,吴芳,女,2023,网络工程2302班,网络工程,信息工程学院
20212197,123456,周军,女,2023,网络工程2302班,网络工程,信息工程学院
20212198,123456,朱磊6,女,2023,网络工程2302班,网络工程,信息工程学院
20212199,123456,何静1,男,2023,网络工程2302班,网络工程,信息工程学院
20212200,123456,李琳9,女,2023,网络工程2302班,网络工程,信息工程学院
20212201,123456,林娜1,女,2023,网络工程2302班,网络工程,信息工程学院
20212202,123456,吴雪3,女,2023,网络工程2302班,网络工程,信息工程学院
20212203,123456,马伟8,男,2023,网络工程2302班,网络工程,信息工程学院
20212204,123456,吴雪,男,2023,网络工程2302班,网络工程,信息工程学院
20212205,123456,何静,男,2023,网络工程2302班,网络工程,信息工程学院
20212206,123456,郑丽,男,2023,网络工程2302班,网络工程,信息工程学院
20212207,123456,胡琳,男,2023,网络工程2302班,网络工程,信息工程学院
20212208,123456,李敏,男,2023,网络工程2302班,网络工程,信息工程学院
20212209,123456,杨琳,男,2023,网络工程2302班,网络工程,信息工程学院
20212210,123456,吴涛,男,2023,网络工程2302班,网络工程,信息工程学院
20212211,123456,陈静4,女,2023,网络工程2302班,网络工程,信息工程学院
20212212,123456,孙军8,女,2023,网络工程2302班,网络工程,信息工程学院
20212213,123456,杨杰2,女,2023,网络工程2302班,网络工程,信息工程学院
20212214,123456,胡静6,女,2023,网络工程2302班,网络工程,信息工程学院
20212215,123456,李敏7,男,2023,网络工程2302班,网络工程,信息工程学院
20212216,123456,杨涛,女,2023,网络工程2302班,网络工程,信息工程学院
20212217,123456,徐强,男,2023,网络工程2302班,网络工程,信息工程学院
20212218,123456,张娜6,男,2023,网络工程2302班,网络工程,信息工程学院
20212219,123456,胡亮9,女,2023,网络工程2302班,网络工程,信息工程学院
20212220,123456,林芳,女,2023,网络工程2302班,网络工程,信息工程学院
20212221,123456,刘丽,女,2023,网络工程2303班,网络工程,信息工程学院
20212222,123456,吴琳9,女,2023,网络工程2303班,网络工程,信息工程学院
20212223,123456,郑敏,男,2023,网络工程2303班,网络工程,信息工程学院
20212224,123456,何强,女,2023,网络工程2303班,网络工程,信息工程学院
20212225,123456,陈静,女,2023,网络工程2303班,网络工程,信息工程学院
20212226,123456,黄超5,女,2023,网络工程2303班,网络工程,信息工程学院
20212227,123456,吴杰,男,2023,网络工程2303班,网络工程,信息工程学院
20212228,123456,林军5,女,2023,网络工程2303班,网络工程,信息工程学院
20212229,123456,陈婷,女,2023,网络工程2303班,网络工程,信息工程学院
20212230,123456,何静0,男,2023,网络工程2303班,网络工程,信息工程学院
20212231,123456,罗静,男,2023,网络工程2303班,网络工程,信息工程学院
20212232,123456,胡琳,女,2023,网络工程2303班,网络工程,信息工程学院
20212233,123456,郑强7,男,2023,网络工程2303班,网络工程,信息工程学院
20212234,123456,孙涛9,女,2023,网络工程2303班,网络工程,信息工程学院
20212235,123456,朱婷4,女,2023,网络工程2303班,网络工程,信息工程学院
20212236,123456,赵芳,男,2023,网络工程2303班,网络工程,信息工程学院
20212237,123456,郑涛1,男,2023,网络工程2303班,网络工程,信息工程学院
20212238,123456,郑琳,男,2023,网络工程2303班,网络工程,信息工程学院
20212239,123456,何芳8,女,2023,网络工程2303班,网络工程,信息工程学院
20212240,123456,杨勇2,男,2023,网络工程2303班,网络工程,信息工程学院
20212241,123456,张婷,女,2023,网络工程2303班,网络工程,信息工程学院
20212242,123456,吴超,女,2023,网络工程2303班,网络工程,信息工程学院
20212243,123456,何燕,女,2023,网络工程2303班,网络工程,信息工程学院
20212244,123456,吴梅0,男,2023,网络工程2303班,网络工程,信息工程学院
20212245,123456,马强1,女,2023,网络工程2303班,网络工程,信息工程学院
20212246,123456,李燕,男,2023,网络工程2303班,网络工程,信息工程学院
20212247,123456,刘磊,女,2023,网络工程2303班,网络工程,信息工程学院
20212248,123456,王芳0,女,2023,网络工程2303班,网络工程,信息工程学院
20212249,123456,罗雪,女,2023,网络工程2303班,网络工程,信息工程学院
20212250,123456,周军8,男,2023,网络工程2303班,网络工程,信息工程学院
20212251,123456,徐勇7,女,2023,网络工程2304班,网络工程,信息工程学院
20212252,123456,黄燕,男,2023,网络工程2304班,网络工程,信息工程学院
20212253,123456,胡军6,男,2023,网络工程2304班,网络工程,信息工程学院
20212254,123456,刘强,男,2023,网络工程2304班,网络工程,信息工程学院
20212255,123456,马军,男,2023,网络工程2304班,网络工程,信息工程学院
20212256,123456,张亮,女,2023,网络工程2304班,网络工程,信息工程学院
20212257,123456,吴婷9,女,2023,网络工程2304班,网络工程,信息工程学院
20212258,123456,马强3,男,2023,网络工程2304班,网络工程,信息工程学院
20212259,123456,王勇,女,2023,网络工程2304班,网络工程,信息工程学院
20212260,123456,杨涛1,男,2023,网络工程2304班,网络工程,信息工程学院
20212261,123456,何敏0,男,2023,网络工程2304班,网络工程,信息工程学院
20212262,123456,林静,女,2023,网络工程2304班,网络工程,信息工程学院
20212263,123456,赵鹏9,女,2023,网络工程2304班,网络工程,信息工程学院
20212264,123456,何强,女,2023,网络工程2304班,网络工程,信息工程学院
20212265,123456,陈亮,男,2023,网络工程2304班,网络工程,信息工程学院
20212266,123456,周超2,男,2023,网络工程2304班,网络工程,信息工程学院
20212267,123456,黄燕2,女,2023,网络工程2304班,网络工程,信息工程学院
20212268,123456,陈强6,女,2023,网络工程2304班,网络工程,信息工程学院
20212269,123456,林雪3,男,2023,网络工程2304班,网络工程,信息工程学院
20212270,123456,高勇7,女,2023,网络工程2304班,网络工程,信息工程学院
20212271,123456,黄勇4,男,2023,网络工程2304班,网络工程,信息工程学院
20212272,123456,徐强5,男,2023,网络工程2304班,网络工程,信息工程学院
20212273,123456,林琳9,女,2023,网络工程2304班,网络工程,信息工程学院
20212274,123456,罗杰0,女,2023,网络工程2304班,网络工程,信息工程学院
20212275,123456,吴雪6,女,2023,网络工程2304班,网络工程,信息工程学院
20212276,123456,赵娜9,男,2023,网络工程2304班,网络工程,信息工程学院
20212277,123456,高丽3,女,2023,网络工程2304班,网络工程,信息工程学院
20212278,123456,高婷,女,2023,网络工程2304班,网络工程,信息工程学院
20212279,123456,刘超2,男,2023,网络工程2304班,网络工程,信息工程学院
20212280,123456,黄鹏,女,2023,网络工程2304班,网络工程,信息工程学院
20212281,123456,张军2,男,2024,网络工程2401班,网络工程,信息工程学院
20212282,123456,罗强7,女,2024,网络工程2401班,网络工程,信息工程学院
20212283,123456,王娜,男,2024,网络工程2401班,网络工程,信息工程学院
20212284,123456,高军,女,2024,网络工程2401班,网络工程,信息工程学院
20212285,123456,罗雪7,女,2024,网络工程2401班,网络工程,信息工程学院
20212286,123456,马娜,男,2024,网络工程2401班,网络工程,信息工程学院
20212287,123456,李芳,男,2024,网络工程2401班,网络工程,信息工程学院
20212288,123456,林静,女,2024,网络工程2401班,网络工程,信息工程学院
20212289,123456,郑梅,男,2024,网络工程2401班,网络工程,信息工程学院
20212290,123456,陈静6,男,2024,网络工程2401班,网络工程,信息工程学院
20212291,123456,陈涛,男,2024,网络工程2401班,网络工程,信息工程学院
20212292,123456,周梅7,男,2024,网络工程2401班,网络工程,信息工程学院
20212293,123456,刘敏0,女,2024,网络工程2401班,网络工程,信息工程学院
20212294,123456,徐琳,女,2024,网络工程2401班,网络工程,信息工程学院
20212295,123456,吴勇8,男,2024,网络工程2401班,网络工程,信息工程学院
20212296,123456,李伟,女,2024,网络工程2401班,网络工程,信息工程学院
20212297,123456,胡琳,女,2024,网络工程2401班,网络工程,信息工程学院
20212298,123456,李超,男,2024,网络工程2401班,网络工程,信息工程学院
20212299,123456,黄军,男,2024,网络工程2401班,网络工程,信息工程学院
20212300,123456,林娜,男,2024,网络工程2401班,网络工程,信息工程学院
20212301,123456,刘芳,男,2024,网络工程2401班,网络工程,信息工程学院
20212302,123456,陈琳5,男,2024,网络工程2401班,网络工程,信息工程学院
20212303,123456,陈敏0,男,2024,网络工程2401班,网络工程,信息工程学院
20212304,123456,吴静6,女,2024,网络工程2401班,网络工程,信息工程学院
20212305,123456,孙伟4,男,2024,网络工程2401班,网络工程,信息工程学院
20212306,123456,高亮8,女,2024,网络工程2401班,网络工程,信息工程学院
20212307,123456,孙鹏8,男,2024,网络工程2401班,网络工程,信息工程学院
20212308,123456,吴磊,女,2024,网络工程2401班,网络工程,信息工程学院
20212309,123456,马燕,男,2024,网络工程2401班,网络工程,信息工程学院
20212310,123456,黄涛2,女,2024,网络工程2401班,网络工程,信息工程学院
20212311,123456,黄敏,男,2024,网络工程2402班,网络工程,信息工程学院
20212312,123456,刘超3,女,2024,网络工程2402班,网络工程,信息工程学院
20212313,123456,吴敏5,女,2024,网络工程2402班,网络工程,信息工程学院
20212314,123456,刘琳0,女,2024,网络工程2402班,网络工程,信息工程学院
20212315,123456,杨伟,女,2024,网络工程2402班,网络工程,信息工程学院
20212316,123456,李敏7,女,2024,网络工程2402班,网络工程,信息工程学院
20212317,123456,周军1,男,2024,网络工程2402班,网络工程,信息工程学院
20212318,123456,赵娜,女,2024,网络工程2402班,网络工程,信息工程学院
20212319,123456,孙强7,女,2024,网络工程2402班,网络工程,信息工程学院
20212320,123456,罗婷,女,2024,网络工程2402班,网络工程,信息工程学院
20212321,123456,杨燕,男,2024,网络工程2402班,网络工程,信息工程学院
20212322,123456,朱亮9,男,2024,网络工程2402班,网络工程,信息工程学院
20212323,123456,孙勇4,女,2024,网络工程2402班,网络工程,信息工程学院
20212324,123456,徐涛,女,2024,网络工程2402班,网络工程,信息工程学院
20212325,123456,徐伟9,女,2024,网络工程2402班,网络工程,信息工程学院
20212326,123456,陈婷,女,2024,网络工程2402班,网络工程,信息工程学院
20212327,123456,陈军,男,2024,网络工程2402班,网络工程,信息工程学院
20212328,123456,李琳6,女,2024,网络工程2402班,网络工程,信息工程学院
20212329,123456,罗磊,女,2024,网络工程2402班,网络工程,信息工程学院
20212330,123456,郑伟,男,2024,网络工程2402班,网络工程,信息工程学院
20212331,123456,何伟5,女,2024,网络工程2402班,网络工程,信息工程学院
20212332,123456,林芳9,女,2024,网络工程2402班,网络工程,信息工程学院
20212333,123456,胡燕,女,2024,网络工程2402班,网络工程,信息工程学院
20212334,123456,杨燕,男,2024,网络工程2402班,网络工程,信息工程学院
20212335,123456,林强,女,2024,网络工程2402班,网络工程,信息工程学院
20212336,123456,赵雪,女,2024,网络工程2402班,网络工程,信息工程学院
20212337,123456,周敏2,女,2024,网络工程2402班,网络工程,信息工程学院
20212338,123456,张梅1,女,2024,网络工程2402班,网络工程,信息工程学院
20212339,123456,林娜3,女,2024,网络工程2402班,网络工程,信息工程学院
20212340,123456,黄敏,女,2024,网络工程2402班,网络工程,信息工程学院
20212341,123456,徐燕6,男,2024,网络工程2403班,网络工程,信息工程学院
20212342,123456,黄琳,男,2024,网络工程2403班,网络工程,信息工程学院
20212343,123456,郑强4,女,2024,网络工程2403班,网络工程,信息工程学院
20212344,123456,罗娜4,女,2024,网络工程2403班,网络工程,信息工程学院
20212345,123456,李超,男,2024,网络工程2403班,网络工程,信息工程学院
20212346,123456,郑敏8,女,2024,网络工程2403班,网络工程,信息工程学院
20212347,123456,刘伟8,女,2024,网络工程2403班,网络工程,信息工程学院
20212348,123456,高杰5,男,2024,网络工程2403班,网络工程,信息工程学院
20212349,123456,陈芳6,女,2024,网络工程2403班,网络工程,信息工程学院
20212350,123456,周鹏,男,2024,网络工程2403班,网络工程,信息工程学院
20212351,123456,王燕9,女,2024,网络工程2403班,网络工程,信息工程学院
20212352,123456,张鹏9,男,2024,网络工程2403班,网络工程,信息工程学院
20212353,123456,赵亮,女,2024,网络工程2403班,网络工程,信息工程学院
20212354,123456,孙娜6,男,2024,网络工程2403班,网络工程,信息工程学院
20212355,123456,李雪,男,2024,网络工程2403班,网络工程,信息工程学院
20212356,123456,周娜,男,2024,网络工程2403班,网络工程,信息工程学院
20212357,123456,李芳0,女,2024,网络工程2403班,网络工程,信息工程学院
20212358,123456,黄芳3,女,2024,网络工程2403班,网络工程,信息工程学院
20212359,123456,王婷4,女,2024,网络工程2403班,网络工程,信息工程学院
20212360,123456,孙梅3,男,2024,网络工程2403班,网络工程,信息工程学院
20212361,123456,吴芳8,男,2024,网络工程2403班,网络工程,信息工程学院
20212362,123456,杨静5,女,2024,网络工程2403班,网络工程,信息工程学院
20212363,123456,王琳,女,2024,网络工程2403班,网络工程,信息工程学院
20212364,123456,张雪1,男,2024,网络工程2403班,网络工程,信息工程学院
20212365,123456,张亮5,女,2024,网络工程2403班,网络工程,信息工程学院
20212366,123456,赵鹏,女,2024,网络工程2403班,网络工程,信息工程学院
20212367,123456,朱琳6,女,2024,网络工程2403班,网络工程,信息工程学院
20212368,123456,朱勇,女,2024,网络工程2403班,网络工程,信息工程学院
20212369,123456,刘丽5,男,2024,网络工程2403班,网络工程,信息工程学院
20212370,123456,罗芳0,男,2024,网络工程2403班,网络工程,信息工程学院
20212371,123456,黄芳,女,2024,网络工程2404班,网络工程,信息工程学院
20212372,123456,吴涛0,男,2024,网络工程2404班,网络工程,信息工程学院
20212373,123456,徐鹏,女,2024,网络工程2404班,网络工程,信息工程学院
20212374,123456,李超9,女,2024,网络工程2404班,网络工程,信息工程学院
20212375,123456,马娜9,男,2024,网络工程2404班,网络工程,信息工程学院
20212376,123456,王雪,男,2024,网络工程2404班,网络工程,信息工程学院
20212377,123456,高军,女,2024,网络工程2404班,网络工程,信息工程学院
20212378,123456,王鹏4,女,2024,网络工程2404班,网络工程,信息工程学院
20212379,123456,吴磊1,女,2024,网络工程2404班,网络工程,信息工程学院
20212380,123456,赵燕9,男,2024,网络工程2404班,网络工程,信息工程学院
20212381,123456,周亮8,男,2024,网络工程2404班,网络工程,信息工程学院
20212382,123456,陈超8,女,2024,网络工程2404班,网络工程,信息工程学院
20212383,123456,何涛1,女,2024,网络工程2404班,网络工程,信息工程学院
20212384,123456,杨燕0,男,2024,网络工程2404班,网络工程,信息工程学院
20212385,123456,陈鹏7,女,2024,网络工程2404班,网络工程,信息工程学院
20212386,123456,胡梅,男,2024,网络工程2404班,网络工程,信息工程学院
20212387,123456,徐静,男,2024,网络工程2404班,网络工程,信息工程学院
20212388,123456,杨鹏9,男,2024,网络工程2404班,网络工程,信息工程学院
20212389,123456,林磊,女,2024,网络工程2404班,网络工程,信息工程学院
20212390,123456,朱鹏,男,2024,网络工程2404班,网络工程,信息工程学院
20212391,123456,高娜,男,2024,网络工程2404班,网络工程,信息工程学院
20212392,123456,黄雪,女,2024,网络工程2404班,网络工程,信息工程学院
20212393,123456,孙亮4,男,2024,网络工程2404班,网络工程,信息工程学院
20212394,123456,孙婷3,女,2024,网络工程2404班,网络工程,信息工程学院
20212395,123456,何丽,女,2024,网络工程2404班,网络工程,信息工程学院
20212396,123456,孙亮,男,2024,网络工程2404班,网络工程,信息工程学院
20212397,123456,陈梅9,女,2024,网络工程2404班,网络工程,信息工程学院
20212398,123456,罗亮1,男,2024,网络工程2404班,网络工程,信息工程学院
20212399,123456,陈勇0,女,2024,网络工程2404班,网络工程,信息工程学院
20212400,123456,张强4,男,2024,网络工程2404班,网络工程,信息工程学院
